Cno ,  Csize , CEdge , CDensity , Cluster Info
C1,8,20,0.7,"[PIGU, LYPD3, PIGK, PIGS, GPAA1, VNN2, PIGT, PRSS50]"
C2,8,20,0.7,"[PIGU, STOM, GPAA1, LYPD3, PIGK, PIGS, VNN2, PIGT]"
C3,7,15,0.7,"[FGA, KHDRBS2, FGG, RING1, SNX27, FGB, HIST1H2BJ]"
C4,7,15,0.7,"[MIS12, FGA, APOA1, ALDH2, MAPK6, TF, FGB]"
C5,7,15,0.7,"[MAPK6, FGG, FGA, KHDRBS2, RING1, FGB, HIST1H2BJ]"
C6,6,11,0.68,"[DPEP1, PIGA, PIGQ, PIGH, PIGC, PIGP]"
C7,6,11,0.68,"[NUFIP2, EFEMP2, FBLN5, ELN, LOX, FBN1]"
C8,6,11,0.68,"[NID1, FGB, FGA, KHDRBS2, FGG, RING1]"
C9,6,11,0.68,"[CCNYL1, FGB, FGG, KHDRBS2, FGA, RING1]"
C10,6,11,0.68,"[ASCC1, FGB, FGG, KHDRBS2, FGA, RING1]"
C11,5,9,0.56,"[PIGH, PIGC, PIGQ, PIGP, PIGA]"
C12,5,7,0.71,"[PCCB, IFIT1, PCCA, MCCC1, NDUFS7]"
C13,5,7,0.71,"[TF, CD81, APOA1, GDPD1, SNX27]"
C14,5,9,0.56,"[ELN, LOX, FBN1, FBLN5, EFEMP2]"
C15,5,7,0.71,"[PLG, METTL14, FN1, IGFBP3, HMGB1]"
C16,5,7,0.71,"[F2, PLAT, FGA, ALB, THBS1]"
C17,5,7,0.71,"[CAD, PRKCE, CFTR, SEC16A, TRIM29]"
C18,5,7,0.71,"[MCCC2, STK4, MCCC1, ECH1, IFIT1]"
C19,5,7,0.71,"[TGM2, LOX, FN1, PLG, IGFBP3]"
C20,5,7,0.71,"[ACACA, RPL27A, FN1, COPB1, MYC]"
C21,5,7,0.71,"[TFRC, TF, FN1, IGFBP3, PLG]"
C22,5,7,0.71,"[C1QA, APOA1, FN1, KRT1, ALB]"
C23,5,7,0.71,"[CAD, LGALS3BP, CFTR, PRKCE, SEC16A]"
C24,5,7,0.71,"[TF, MYC, FN1, TFRC, IGFBP3]"
C25,5,7,0.71,"[YWHAQ, PLG, FN1, IGFBP3, METTL14]"
C26,5,7,0.71,"[HSPA8, CAD, CFTR, PRKCE, SEC16A]"
C27,5,7,0.71,"[ENO1, PLG, FN1, IGFBP3, METTL14]"
C28,5,7,0.71,"[XPO1, CAD, CFTR, PRKCE, SEC16A]"
C29,5,7,0.71,"[RUVBL2, CAD, CFTR, PRKCE, SEC16A]"
C30,5,7,0.71,"[DPM2, PIGP, PIGA, PIGH, IL18RAP]"
C31,5,7,0.71,"[STAU1, CAD, CFTR, PRKCE, SEC16A]"
C32,5,7,0.71,"[PSMC2, CAD, CFTR, PRKCE, SEC16A]"
C33,4,5,0.6,"[PLSCR4, PLSCR1, EFEMP2, HOXA1]"
C34,4,5,0.6,"[NOS1, DLG4, DYNLL1, DLG2]"
C35,4,5,0.6,"[LOXL2, RBBP4, FN1, HDAC1]"
C36,3,3,0.5,"[SNCA, DHCR24, GBA]"
C37,2,1,0.5,"[FN1, VPS35]"
C38,2,1,0.5,"[CFTR, LIN7C]"
C39,2,1,0.5,"[DYNLL1, ELL]"
C40,2,1,0.5,"[FGB, ATG3]"
C41,2,1,0.5,"[APOA1, LCAT]"
C42,2,1,0.5,"[OCRL, AP2S1]"
C43,2,1,0.5,"[DDIT3, CUL3]"
C44,2,1,0.5,"[TACR1, ND1]"
C45,2,1,0.5,"[SOAT1, SMPD3]"
C46,2,1,0.5,"[CERK, ILKAP]"
C47,2,1,0.5,"[ACACA, CSNK1E]"
C48,2,1,0.5,"[HBB, FRMD1]"
C49,2,1,0.5,"[CA14, DNM1L]"
C50,2,1,0.5,"[SELENBP1, GPX1]"
C51,2,1,0.5,"[CD1B, MAN1A1]"
C52,2,1,0.5,"[GLB1, ATP6AP2]"
C53,2,1,0.5,"[NSMAF, CCT2]"
C54,2,1,0.5,"[SLC4A7, VSIG4]"
C55,2,1,0.5,"[ENPP6, NDUFB4]"
C56,2,1,0.5,"[LTF, AEBP2]"
C57,2,1,0.5,"[EFEMP2, CCDC33]"
C58,2,1,0.5,"[LOXL2, MTA1]"
C59,2,1,0.5,"[SGPL1, BAD]"
C60,2,1,0.5,"[GPX7, CHMP1A]"
C61,2,1,0.5,"[PIGT, ZNF609]"
C62,2,1,0.5,"[BCHE, SLAMF1]"
C63,2,1,0.5,"[CA8, AHSG]"
C64,2,1,0.5,"[GBA, HSP90B1]"
C65,2,1,0.5,"[CD1E, TMEM67]"
C66,2,1,0.5,"[PC, ERBB2]"
C67,2,1,0.5,"[DHCR24, CISD3]"
C68,2,1,0.5,"[UGT8, LMAN2L]"
C69,2,1,0.5,"[COL4A3BP, PNMA2]"
C70,2,1,0.5,"[ABCA1, CREBBP]"
C71,2,1,0.5,"[PIGA, FAM189B]"
C72,2,1,0.5,"[STS, GPHN]"
C73,2,1,0.5,"[TXNRD1, CRYZ]"
C74,2,1,0.5,"[ASAH1, TBC1D22B]"
C75,2,1,0.5,"[PYGL, OGFOD1]"
C76,2,1,0.5,"[PCBD1, CUL1]"
C77,2,1,0.5,"[GM2A, FTH1]"
C78,2,1,0.5,"[AGK, BAD]"
C79,2,1,0.5,"[SMPD2, FAM189B]"
C80,2,1,0.5,"[GPAA1, ATP5F1B]"
C81,2,1,0.5,"[SMPD4, TEAD2]"
C82,2,1,0.5,"[NPC2, NEDD4L]"
C83,2,1,0.5,"[PLG, ARHGAP20]"
C84,2,1,0.5,"[CELA1, EIF4E2]"
C85,2,1,0.5,"[FBN2, EGLN3]"
C86,2,1,0.5,"[MCCC1, CUL4B]"
C87,2,1,0.5,"[PIGS, TMEM131]"
C88,2,1,0.5,"[NOS3, HBA1]"
C89,2,1,0.5,"[F2, ITGA2B]"
C90,2,1,0.5,"[PTGS2, PSMC5]"
C91,2,1,0.5,"[TH, TAB1]"
C92,2,1,0.5,"[UGCG, C16orf58]"
C93,2,1,0.5,"[NOS2, S100A9]"
C94,2,1,0.5,"[NOS1, PUM2]"
C95,2,1,0.5,"[ACP6, RSU1]"
C96,2,1,0.5,"[GCHFR, CBFB]"
C97,2,1,0.5,"[GALC, HIST1H1C]"
C98,2,1,0.5,"[MCCC2, OTUB1]"
C99,2,1,0.5,"[FGG, HSPD1]"
C100,2,1,0.5,"[CELA3A, TUBA4A]"
C101,2,1,0.5,"[CELA2B, C16orf70]"
C102,2,1,0.5,"[RORA, FOXP3]"
C103,2,1,0.5,"[CA2, CUL4A]"
C104,2,1,0.5,"[TXNRD2, NDUFA13]"
C105,2,1,0.5,"[FBLN5, IQCN]"
C106,2,1,0.5,"[DHCR7, ACP6]"
C107,2,1,0.5,"[CANX, SMPD1]"
C108,2,1,0.5,"[PIGM, LTB4R2]"
C109,2,1,0.5,"[PLSCR4, ALG13]"
C110,2,1,0.5,"[PIGQ, SMAD1]"
C111,2,1,0.5,"[SPHK1, TRAF6]"
C112,2,1,0.5,"[HSCB, MPST]"
C113,2,1,0.5,"[LOXL3, RPL23]"
C114,2,1,0.5,"[CAV1, FAP]"
C115,2,1,0.5,"[ABCA7, SORT1]"
C116,2,1,0.5,"[QDPR, ENG]"
C117,2,1,0.5,"[ENPP7, MKS1]"
C118,2,1,0.5,"[PIGN, SPPL2B]"
C119,2,1,0.5,"[PIGO, ADGRG5]"
C120,2,1,0.5,"[PIGW, SPPL2B]"
C121,2,1,0.5,"[CA9, SLC3A2]"
C122,2,1,0.5,"[FBN1, FBXO2]"
C123,2,1,0.5,"[FGA, TRIM33]"
C124,2,1,0.5,"[PTS, ARHGEF1]"
C125,2,1,0.5,"[PIGG, ESR1]"
C126,2,1,0.5,"[SEPHS1, CUL3]"
C127,2,1,0.5,"[DDX19B, GM2A]"
C128,2,1,0.5,"[SULT2B1, SULT1B1]"
C129,2,1,0.5,"[ABCG2, MYO5C]"
C130,2,1,0.5,"[PCCA, IP6K3]"
C131,2,1,0.5,"[NEK4, ABHD4]"
C132,2,1,0.5,"[GCH1, GCHFR]"
C133,2,1,0.5,"[SEPSECS, LZTFL1]"
C134,2,1,0.5,"[PLEKHA8, FANCI]"
C135,2,1,0.5,"[PIGB, WTAP]"
C136,2,1,0.5,"[GBA2, LAMTOR5]"
C137,2,1,0.5,"[CERS5, CD83]"
C138,2,1,0.5,"[TP53, CELA2B]"
C139,2,1,0.5,"[SUOX, COX6B1]"
C140,2,1,0.5,"[LIPE, CAVIN1]"
C141,2,1,0.5,"[ELANE, THBS1]"
C142,2,1,0.5,"[CNR1, GNAI3]"
C143,2,1,0.5,"[GPX4, OTUB1]"
C144,2,1,0.5,"[TPH1, CFL1]"
C145,2,1,0.5,"[YIPF3, PIGN]"
C146,2,1,0.5,"[ALDH6A1, NDUFS7]"
C147,2,1,0.5,"[FBXO6, ASAH1]"
C148,2,1,0.5,"[MGLL, HTR4]"
C149,2,1,0.5,"[ACACB, HIST4H4]"
C150,2,1,0.5,"[LOX, MAD2L2]"
C151,2,1,0.5,"[IL6, SH3GL2]"
C152,2,1,0.5,"[GP6, HIST3H3]"
C153,2,1,0.5,"[DISC1, MPST]"
C154,2,1,0.5,"[HSPA5, LOXL3]"
C155,2,1,0.5,"[LTBP1, LOXL3]"
C156,2,1,0.5,"[IQCB1, QDPR]"
C157,2,1,0.5,"[CYP19A1, CD109]"
C158,2,1,0.5,"[GLTP, CMTM5]"
C159,2,1,0.5,"[YWHAZ, TPH1]"
C160,2,1,0.5,"[SEPHS2, NEK4]"
C161,2,1,0.5,"[LBP, LOC100293069]"
C162,2,1,0.5,"[DIO2, USP20]"
C163,2,1,0.5,"[CERS1, DRD2]"
C164,2,1,0.5,"[KPNB1, SMPD4]"
C165,2,1,0.5,"[SEC61B, SMPD4]"
C166,2,1,0.5,"[C1QBP, ACP6]"
C167,2,1,0.5,"[ILK, ACP6]"
C168,2,1,0.5,"[CA4, TEX101]"
C169,2,1,0.5,"[HTR3A, ABCA7]"
C170,2,1,0.5,"[NOTCH2NLA, CA6]"
C171,2,1,0.5,"[RACK1, SMPD3]"
C172,2,1,0.5,"[CCT3, GBA]"
C173,2,1,0.5,"[RIPK4, GBA]"
C174,2,1,0.5,"[ABCB1, HMMR]"
C175,2,1,0.5,"[LGALS3, ABCB1]"
C176,2,1,0.5,"[UPK1A, PIGO]"
C177,2,1,0.5,"[ZNF408, SEPHS2]"
C178,2,1,0.5,"[BAG6, CERK]"
C179,2,1,0.5,"[LRP1, ERFE]"
C180,2,1,0.5,"[APP, DHCR24]"
C181,2,1,0.5,"[B2M, CD1A]"
C182,2,1,0.5,"[CYP11A1, SMAD9]"
C183,2,1,0.5,"[A2M, CPB2]"
C184,2,1,0.5,"[RAB7A, SOAT1]"
C185,2,1,0.5,"[CLTC, SOAT1]"
C186,2,1,0.5,"[RPN1, SOAT1]"
C187,2,1,0.5,"[RAB5A, AGK]"
C188,2,1,0.5,"[RHOA, SGPL1]"
C189,2,1,0.5,"[F13A1, HSPB1]"
C190,2,1,0.5,"[ZFP41, FBN2]"
C191,2,1,0.5,"[ACTB, NSMAF]"
C192,2,1,0.5,"[LOXL1, BCHE]"
C193,2,1,0.5,"[CALM1, GP6]"
C194,2,1,0.5,"[RAC1, OCRL]"
C195,2,1,0.5,"[HSP90AA1, NOS3]"
C196,2,1,0.5,"[CD1D, P4HTM]"
C197,2,1,0.5,"[TPR, ADCY10]"
C198,2,1,0.5,"[RAE1, MPST]"
C199,2,1,0.5,"[SGMS2, CENPO]"
C200,2,1,0.5,"[CLINT1, LOXL3]"
C201,2,1,0.5,"[PLAUR, FAP]"
C202,2,1,0.5,"[BEST1, RPLP2]"
C203,2,1,0.5,"[PPP2CA, BEST1]"
C204,2,1,0.5,"[PRDX6, GPX4]"
C205,2,1,0.5,"[UPF3A, CA1]"
C206,2,1,0.5,"[NME2P1, MOGAT2]"
C207,2,1,0.5,"[CAND1, QDPR]"
C208,2,1,0.5,"[COPS5, QDPR]"
C209,2,1,0.5,"[TPH2, YWHAE]"
C210,2,1,0.5,"[DNAJC12, TPH2]"
C211,2,1,0.5,"[IYD, HIST2H2BE]"
C212,2,1,0.5,"[TST, MRPL50]"
C213,2,1,0.5,"[HELZ, CELA1]"
C214,2,1,0.5,"[CCT8, GBA]"
C215,2,1,0.5,"[TCP1, GBA]"
C216,2,1,0.5,"[ATP2B2, PIGN]"
C217,2,1,0.5,"[PTGIR, PIGN]"
C218,2,1,0.5,"[IPO5, TXNRD1]"
C219,2,1,0.5,"[TUBA1C, TXNRD1]"
C220,2,1,0.5,"[PDIA6, TXNRD1]"
C221,2,1,0.5,"[FARSB, GPX7]"
C222,2,1,0.5,"[LPAR1, PIGO]"
C223,2,1,0.5,"[HAVCR2, PIGM]"
C224,2,1,0.5,"[NONO, ASAH1]"
C225,2,1,0.5,"[CDK15, SULT2B1]"
C226,2,1,0.5,"[VWCE, CERK]"
C227,2,1,0.5,"[NDUFA4, DHCR24]"
C228,2,1,0.5,"[ATP12A, DHCR24]"
C229,2,1,0.5,"[DEFA1, LOXL2]"
C230,2,1,0.5,"[EDN1, COPS6]"
C231,2,1,0.5,"[PRKAA1, ACACB]"
C232,2,1,0.5,"[STK25, ACACB]"
C233,2,1,0.5,"[METTL3, LTF]"
C234,2,1,0.5,"[DDX31, LTF]"
C235,2,1,0.5,"[PRTN3, ITGAM]"
C236,2,1,0.5,"[GLRX3, CA9]"
C237,2,1,0.5,"[FBLN1, PLSCR4]"
C238,2,1,0.5,"[VAPA, SOAT1]"
C239,2,1,0.5,"[RAB5C, SOAT1]"
C240,2,1,0.5,"[RAB11A, SOAT1]"
C241,2,1,0.5,"[MRPL58, AGK]"
C242,2,1,0.5,"[ZNRF4, SMPD2]"
C243,2,1,0.5,"[YWHAG, TH]"
C244,2,1,0.5,"[RUVBL1, RORA]"
C245,2,1,0.5,"[NME2, RORA]"
C246,2,1,0.5,"[EP300, RORA]"
C247,2,1,0.5,"[HJV, NEO1]"
C248,2,1,0.5,"[PCNA, CA2]"
C249,2,1,0.5,"[SLC4A8, CA2]"
C250,2,1,0.5,"[SPTLC1, ABCA1]"
C251,2,1,0.5,"[CCT5, NSMAF]"
C252,2,1,0.5,"[CCT4, NSMAF]"
C253,2,1,0.5,"[VIM, GLB1]"
C254,2,1,0.5,"[DNAJB1, GLB1]"
C255,2,1,0.5,"[SERPINE1, PLG]"
C256,2,1,0.5,"[ODAPH, FBN1]"
C257,2,1,0.5,"[CALR, TF]"
C258,2,1,0.5,"[LPA, FGB]"
C259,2,1,0.5,"[PAK1, FGB]"
C260,2,1,0.5,"[YES1, GP6]"
C261,2,1,0.5,"[FYN, GP6]"
C262,2,1,0.5,"[ANXA1, OCRL]"
C263,2,1,0.5,"[S100A8, OCRL]"
C264,2,1,0.5,"[GRB2, OCRL]"
C265,2,1,0.5,"[ELAVL1, OCRL]"
C266,2,1,0.5,"[YWHAB, SLC4A7]"
C267,2,1,0.5,"[PCCB, MRPL58]"
C268,2,1,0.5,"[CSNK1A1, CAD]"
C269,2,1,0.5,"[MDH2, PC]"
C270,2,1,0.5,"[KRT18, CFTR]"
C271,2,1,0.5,"[PPP2R1A, CFTR]"
C272,2,1,0.5,"[CA5A, SIRT3]"
C273,2,1,0.5,"[HNRNPC, MMP12]"
C274,2,1,0.5,"[ADAMTS10, YTHDC1]"
C275,2,1,0.5,"[XDH, CCDC110]"
C276,2,1,0.5,"[SPR, BCAP31]"
C277,2,1,0.5,"[CUL2, SMPD4]"
C278,2,1,0.5,"[LMNA, SMPD4]"
C279,2,1,0.5,"[ERH, ACP6]"
C280,2,1,0.5,"[SLC9A3R2, SLC26A3]"
C281,2,1,0.5,"[CLU, MSRB1]"
C282,2,1,0.5,"[KARS, GPX1]"
C283,2,1,0.5,"[SLC4A4, ATP2A2]"
C284,2,1,0.5,"[SLC4A1, CA4]"
C285,2,1,0.5,"[PPIB, GPX4]"
C286,2,1,0.5,"[SYNCRIP, ABCA7]"
C287,2,1,0.5,"[SGTB, ABCA7]"
C288,2,1,0.5,"[ADRB2, ABCA7]"
C289,2,1,0.5,"[GABRA3, ABCA7]"
C290,2,1,0.5,"[LTN1, DHCR7]"
C291,2,1,0.5,"[PRKCI, DHCR7]"
C292,2,1,0.5,"[PRKCB, DHCR7]"
C293,2,1,0.5,"[FADS1, DHCR7]"
C294,2,1,0.5,"[RHOB, DHCR7]"
C295,2,1,0.5,"[SERPINH1, PIGG]"
C296,2,1,0.5,"[CHRM3, PIGX]"
C297,2,1,0.5,"[OS9, SMPD1]"
C298,2,1,0.5,"[CNTNAP3B, SMPD1]"
C299,2,1,0.5,"[INSL5, SMPD1]"
C300,2,1,0.5,"[H2AFX, CYP19A1]"
C301,2,1,0.5,"[EED, SMPD3]"
C302,2,1,0.5,"[APOB, SMPD3]"
C303,2,1,0.5,"[STARD7, GLTP]"
C304,2,1,0.5,"[TUBB1, CELA1]"
C305,2,1,0.5,"[USP54, CELA1]"
C306,2,1,0.5,"[OBSL1, GCHFR]"
C307,2,1,0.5,"[TROAP, CELA3A]"
C308,2,1,0.5,"[FBXO7, CELA3A]"
C309,2,1,0.5,"[CKAP4, STS]"
C310,2,1,0.5,"[GOLGA5, STS]"
C311,2,1,0.5,"[ALG9, STS]"
C312,2,1,0.5,"[LMBR1, STS]"
C313,2,1,0.5,"[CBL, GBA]"
C314,2,1,0.5,"[BMP2K, GBA]"
C315,2,1,0.5,"[HYOU1, GBA]"
C316,2,1,0.5,"[TOP3B, GBA]"
C317,2,1,0.5,"[SNCA, APOA1]"
C318,2,1,0.5,"[VIPR2, PIGN]"
C319,2,1,0.5,"[FPR2, PIGN]"
C320,2,1,0.5,"[SOX2, SEPSECS]"
C321,2,1,0.5,"[GART, SEPHS1]"
C322,2,1,0.5,"[TMPRSS12, PIGB]"
C323,2,1,0.5,"[MPPE1, PIGB]"
C324,2,1,0.5,"[FUT1, PIGB]"
C325,2,1,0.5,"[TCTN2, PIGB]"
C326,2,1,0.5,"[POMK, PIGB]"
C327,2,1,0.5,"[OLA1, TXNRD1]"
C328,2,1,0.5,"[POU2F1, TXNRD1]"
C329,2,1,0.5,"[TXNDC17, TXNRD1]"
C330,2,1,0.5,"[PLEKHJ1, GPX7]"
C331,2,1,0.5,"[MCTS1, GPX7]"
C332,2,1,0.5,"[PAPSS1, GPX7]"
C333,2,1,0.5,"[PTPN11, GPX7]"
C334,2,1,0.5,"[FTO, GPX7]"
C335,2,1,0.5,"[PHETA1, GPX7]"
C336,2,1,0.5,"[RIPK1, GPX7]"
C337,2,1,0.5,"[SGTA, GPX7]"
C338,2,1,0.5,"[IPPK, CERS5]"
C339,2,1,0.5,"[ALDH2, ALDH6A1]"
C340,2,1,0.5,"[ATP2A3, PIGO]"
C341,2,1,0.5,"[PTH1R, PIGO]"
C342,2,1,0.5,"[HTR3C, PIGO]"
C343,2,1,0.5,"[ZIC1, ASAH1]"
C344,2,1,0.5,"[AIRE, ASAH1]"
C345,2,1,0.5,"[HSF2, ASAH1]"
C346,2,1,0.5,"[GID8, GM2A]"
C347,2,1,0.5,"[ACTA2, GM2A]"
C348,2,1,0.5,"[GMCL1, GM2A]"
C349,2,1,0.5,"[PDE4DIP, GM2A]"
C350,2,1,0.5,"[SINHCAF, GM2A]"
C351,2,1,0.5,"[SF3A1, GM2A]"
C352,2,1,0.5,"[GTF2H2C, GALC]"
C353,2,1,0.5,"[TRIP13, SELENBP1]"
C354,2,1,0.5,"[USP15, SELENBP1]"
C355,2,1,0.5,"[USP33, SELENBP1]"
C356,2,1,0.5,"[MAS1, SELENBP1]"
C357,2,1,0.5,"[TFG, SELENBP1]"
C358,2,1,0.5,"[HEATR1, SELENBP1]"
C359,2,1,0.5,"[AGTR1, UGT8]"
C360,2,1,0.5,"[NCEH1, UGT8]"
C361,2,1,0.5,"[SEC22B, UGT8]"
C362,2,1,0.5,"[SCGB2A2, UGT8]"
C363,2,1,0.5,"[PLTP, UGT8]"
C364,2,1,0.5,"[AURKA, CELA2B]"
C365,2,1,0.5,"[GRN, CELA2B]"
C366,2,1,0.5,"[UBE3A, CELA2B]"
C367,2,1,0.5,"[PRMT1, CERK]"
C368,2,1,0.5,"[IK, CERK]"
C369,2,1,0.5,"[PRPF4, CERK]"
C370,2,1,0.5,"[NCBP1, CERK]"
C371,2,1,0.5,"[TPCN2, CERK]"
C372,2,1,0.5,"[MRAP2, CERK]"
C373,2,1,0.5,"[HEPACAM2, CERK]"
C374,2,1,0.5,"[FANCD2, CA14]"
C375,2,1,0.5,"[PI4KA, CA14]"
C376,2,1,0.5,"[PEX19, CA14]"
C377,2,1,0.5,"[IMPAD1, ENPP6]"
C378,2,1,0.5,"[USP22, ENPP6]"
C379,2,1,0.5,"[TEDC1, ENPP6]"
C380,2,1,0.5,"[DIAPH3, ENPP6]"
C381,2,1,0.5,"[NDUFB5, ENPP6]"
C382,2,1,0.5,"[NDUFB8, ENPP6]"
C383,2,1,0.5,"[ND5, ENPP6]"
C384,2,1,0.5,"[TMEM25, ERFE]"
C385,2,1,0.5,"[CKAP5, DHCR24]"
C386,2,1,0.5,"[COQ9, DHCR24]"
C387,2,1,0.5,"[CNR2, DHCR24]"
C388,2,1,0.5,"[IKBKB, DHCR24]"
C389,2,1,0.5,"[PGRMC1, DHCR24]"
C390,2,1,0.5,"[PSEN1, DHCR24]"
C391,2,1,0.5,"[HRAS, DHCR24]"
C392,2,1,0.5,"[ELN, LOXL2]"
C393,2,1,0.5,"[PDIA3, LOXL2]"
C394,2,1,0.5,"[HDAC1, DDIT3]"
C395,2,1,0.5,"[DEFA5, LOXL2]"
C396,2,1,0.5,"[TMEM30A, CD1E]"
C397,2,1,0.5,"[MIA2, CD1E]"
C398,2,1,0.5,"[FCGRT, CD1E]"
C399,2,1,0.5,"[ENTPD7, CD1E]"
C400,2,1,0.5,"[KCNJ8, CD1E]"
C401,2,1,0.5,"[MAN1A2, CD1E]"
C402,2,1,0.5,"[DIPK1A, CD1E]"
C403,2,1,0.5,"[HMGA1, ACACB]"
C404,2,1,0.5,"[APCDD1, LTF]"
C405,2,1,0.5,"[NCL, LTF]"
C406,2,1,0.5,"[GSK3B, LTF]"
C407,2,1,0.5,"[DHX30, LTF]"
C408,2,1,0.5,"[CP, LTF]"
C409,2,1,0.5,"[TMEM237, LTF]"
C410,2,1,0.5,"[CD14, LTF]"
C411,2,1,0.5,"[ITGB1, CA9]"
C412,2,1,0.5,"[CDH1, CA9]"
C413,2,1,0.5,"[IGHG2, PLSCR4]"
C414,2,1,0.5,"[PKN2, SOAT1]"
C415,2,1,0.5,"[MKLN1, SOAT1]"
C416,2,1,0.5,"[GOLT1B, SOAT1]"
C417,2,1,0.5,"[EMD, SOAT1]"
C418,2,1,0.5,"[SEMA7A, SOAT1]"
C419,2,1,0.5,"[RPN2, SOAT1]"
C420,2,1,0.5,"[FAM189A2, SOAT1]"
C421,2,1,0.5,"[AGO4, AGK]"
C422,2,1,0.5,"[SNX4, AGK]"
C423,2,1,0.5,"[SERPINF2, ELANE]"
C424,2,1,0.5,"[SERPINA1, ELANE]"
C425,2,1,0.5,"[LRRTM1, SMPD2]"
C426,2,1,0.5,"[PCDHGB4, SMPD2]"
C427,2,1,0.5,"[PCDHB7, SMPD2]"
C428,2,1,0.5,"[PCDHAC2, SMPD2]"
C429,2,1,0.5,"[PCDHA3, SMPD2]"
C430,2,1,0.5,"[RPL10, SGPL1]"
C431,2,1,0.5,"[CSNK2A2, SGPL1]"
C432,2,1,0.5,"[AIFM1, SGPL1]"
C433,2,1,0.5,"[EGFR, SGPL1]"
C434,2,1,0.5,"[CDH5, SGPL1]"
C435,2,1,0.5,"[BTN2A1, SGPL1]"
C436,2,1,0.5,"[MAP3K7, TH]"
C437,2,1,0.5,"[PSG1, NPC2]"
C438,2,1,0.5,"[TTR, NPC2]"
C439,2,1,0.5,"[F13B, F13A1]"
C440,2,1,0.5,"[TSPAN3, UGCG]"
C441,2,1,0.5,"[APCS, COL4A3BP]"
C442,2,1,0.5,"[IFIT1, PC]"
C443,2,1,0.5,"[ECI2, MCCC1]"
C444,2,1,0.5,"[ACSM5, MCCC1]"
C445,2,1,0.5,"[HDAC11, MCCC2]"
C446,2,1,0.5,"[INPPL1, MCCC2]"
C447,2,1,0.5,"[EPS15, MCCC2]"
C448,2,1,0.5,"[CDH13, PIGU]"
C449,2,1,0.5,"[NECTIN4, PIGU]"
C450,2,1,0.5,"[ARHGAP26, CA2]"
C451,2,1,0.5,"[FLOT1, ABCA1]"
C452,2,1,0.5,"[SNTA1, ABCA1]"
C453,2,1,0.5,"[SF3B1, PIGS]"
C454,2,1,0.5,"[DNAJA2, PIGS]"
C455,2,1,0.5,"[NEK9, NSMAF]"
C456,2,1,0.5,"[CCT6A, NSMAF]"
C457,2,1,0.5,"[VASP, NSMAF]"
C458,2,1,0.5,"[TNFRSF1A, NSMAF]"
C459,2,1,0.5,"[LNPK, TACR1]"
C460,2,1,0.5,"[STX4, TACR1]"
C461,2,1,0.5,"[CDK2, GLB1]"
C462,2,1,0.5,"[DNAJB2, GLB1]"
C463,2,1,0.5,"[GNAI2, CNR1]"
C464,2,1,0.5,"[ZHX1, PIGC]"
C465,2,1,0.5,"[PSMC3, TXNRD2]"
C466,2,1,0.5,"[PTPRK, LOX]"
C467,2,1,0.5,"[MYOC, FBN1]"
C468,2,1,0.5,"[FBLN2, FBN1]"
C469,2,1,0.5,"[FHL2, SPHK1]"
C470,2,1,0.5,"[CYLD, SPHK1]"
C471,2,1,0.5,"[TRAF2, SPHK1]"
C472,2,1,0.5,"[GOT1, TF]"
C473,2,1,0.5,"[SORL1, IL6]"
C474,2,1,0.5,"[CPSF7, BCHE]"
C475,2,1,0.5,"[NHP2, BCHE]"
C476,2,1,0.5,"[SF1, BCHE]"
C477,2,1,0.5,"[FAM120A, BCHE]"
C478,2,1,0.5,"[COLQ, BCHE]"
C479,2,1,0.5,"[PYGB, FGB]"
C480,2,1,0.5,"[PSME2, FGB]"
C481,2,1,0.5,"[OXSR1, FGB]"
C482,2,1,0.5,"[MAP2K1, FGB]"
C483,2,1,0.5,"[NARS, FGB]"
C484,2,1,0.5,"[TLN1, FGB]"
C485,2,1,0.5,"[PAK2, FGB]"
C486,2,1,0.5,"[TES, FGB]"
C487,2,1,0.5,"[NAA15, FGB]"
C488,2,1,0.5,"[VPS26A, FGB]"
C489,2,1,0.5,"[FEN1, FGB]"
C490,2,1,0.5,"[RBM12, FGB]"
C491,2,1,0.5,"[PPID, FGB]"
C492,2,1,0.5,"[HDLBP, FGB]"
C493,2,1,0.5,"[DBN1, ABCG2]"
C494,2,1,0.5,"[RPS3, DDIT3]"
C495,2,1,0.5,"[PICALM, DDIT3]"
C496,2,1,0.5,"[HSD17B14, DDIT3]"
C497,2,1,0.5,"[CSNK2A1, DDIT3]"
C498,2,1,0.5,"[TRIB3, DDIT3]"
C499,2,1,0.5,"[PCM1, DDIT3]"
C500,2,1,0.5,"[HMGB2, OCRL]"
C501,2,1,0.5,"[LSM12, OCRL]"
C502,2,1,0.5,"[SNRPE, OCRL]"
C503,2,1,0.5,"[DHX9, OCRL]"
C504,2,1,0.5,"[EIF3E, OCRL]"
C505,2,1,0.5,"[RAB14, OCRL]"
C506,2,1,0.5,"[SNX21, OCRL]"
C507,2,1,0.5,"[PFN1, OCRL]"
C508,2,1,0.5,"[CLTB, OCRL]"
C509,2,1,0.5,"[AP2B1, OCRL]"
C510,2,1,0.5,"[AP2A2, OCRL]"
C511,2,1,0.5,"[SNX9, OCRL]"
C512,2,1,0.5,"[AP2M1, OCRL]"
C513,2,1,0.5,"[AP2A1, OCRL]"
C514,2,1,0.5,"[CLTA, OCRL]"
C515,2,1,0.5,"[PDZK1, SLC4A7]"
C516,2,1,0.5,"[TEX29, SLC4A7]"
C517,2,1,0.5,"[YWHAH, SLC4A7]"
C518,2,1,0.5,"[LGALS8, SLC4A7]"
C519,2,1,0.5,"[LGALS9, SLC4A7]"
C520,2,1,0.5,"[YBEY, PCCA]"
C521,2,1,0.5,"[WDYHV1, PCCA]"
C522,2,1,0.5,"[SIRT1, NOS3]"
C523,2,1,0.5,"[ST13, NOS3]"
C524,2,1,0.5,"[CDC37, NOS3]"
C525,2,1,0.5,"[NOSIP, NOS3]"
C526,2,1,0.5,"[ITGB3, FGG]"
C527,2,1,0.5,"[TMEM43, APOA1]"
C528,2,1,0.5,"[IGKC, APOA1]"
C529,2,1,0.5,"[HP, APOA1]"
C530,2,1,0.5,"[MAPK7, CAD]"
C531,2,1,0.5,"[PRKCZ, CAD]"
C532,2,1,0.5,"[HTT, CAD]"
C533,2,1,0.5,"[MAD2L1, CAD]"
C534,2,1,0.5,"[CDK9, CAD]"
C535,2,1,0.5,"[BRD4, CAD]"
C536,2,1,0.5,"[TSHR, PC]"
C537,2,1,0.5,"[STRAP, PC]"
C538,2,1,0.5,"[KIF5B, ACACA]"
C539,2,1,0.5,"[LRRFIP2, PYGL]"
C540,2,1,0.5,"[AHCY, PYGL]"
C541,2,1,0.5,"[EZR, PYGL]"
C542,2,1,0.5,"[USP19, PYGL]"
C543,2,1,0.5,"[COPS3, PTGS2]"
C544,2,1,0.5,"[CUL5, PCBD1]"
C545,2,1,0.5,"[LNX1, PCBD1]"
C546,2,1,0.5,"[DYRK1B, PCBD1]"
C547,2,1,0.5,"[SLC9A3R1, NOS2]"
C548,2,1,0.5,"[STUB1, NOS1]"
C549,2,1,0.5,"[S100A7, CA8]"
C550,2,1,0.5,"[ARF6, GPAA1]"
C551,2,1,0.5,"[PPP2R2B, CFTR]"
C552,2,1,0.5,"[PSMD11, CFTR]"
C553,2,1,0.5,"[PSMB3, CFTR]"
C554,2,1,0.5,"[ESYT1, CFTR]"
C555,2,1,0.5,"[BAG2, CFTR]"
C556,2,1,0.5,"[PSMB1, CFTR]"
C557,2,1,0.5,"[PRKAR2A, CFTR]"
C558,2,1,0.5,"[LPAR2, CFTR]"
C559,2,1,0.5,"[YBX1, CFTR]"
C560,2,1,0.5,"[SKP1, CFTR]"
C561,2,1,0.5,"[CORO1B, CFTR]"
C562,2,1,0.5,"[NPM1, CFTR]"
C563,2,1,0.5,"[EEF2, CFTR]"
C564,2,1,0.5,"[SRP14, CFTR]"
C565,2,1,0.5,"[HNRNPF, CFTR]"
C566,2,1,0.5,"[DYNC1H1, CFTR]"
C567,2,1,0.5,"[ATP5F1A, CFTR]"
C568,2,1,0.5,"[MYL6, CFTR]"
C569,2,1,0.5,"[PFKL, CFTR]"
C570,2,1,0.5,"[CAPZA1, CFTR]"
C571,2,1,0.5,"[LGALS1, CFTR]"
C572,2,1,0.5,"[LDHB, CFTR]"
C573,2,1,0.5,"[HNRNPK, CFTR]"
C574,2,1,0.5,"[AIMP2, CFTR]"
C575,2,1,0.5,"[RPS12, CFTR]"
C576,2,1,0.5,"[ACLY, CFTR]"
C577,2,1,0.5,"[MYH10, CFTR]"
C578,2,1,0.5,"[RPL29, CFTR]"
C579,2,1,0.5,"[DSP, CFTR]"
C580,2,1,0.5,"[ARPC4, CFTR]"
C581,2,1,0.5,"[RPL15, CFTR]"
C582,2,1,0.5,"[ACTR3, CFTR]"
C583,2,1,0.5,"[RALY, CFTR]"
C584,2,1,0.5,"[TKT, CFTR]"
C585,2,1,0.5,"[RPS10, CFTR]"
C586,2,1,0.5,"[GSN, CFTR]"
C587,2,1,0.5,"[TPM3, CFTR]"
C588,2,1,0.5,"[CAP1, CFTR]"
C589,2,1,0.5,"[RPL8, CFTR]"
C590,2,1,0.5,"[PKM, CFTR]"
C591,2,1,0.5,"[PTGES3, CFTR]"
C592,2,1,0.5,"[DDX3X, CFTR]"
C593,2,1,0.5,"[CPNE1, CFTR]"
C594,2,1,0.5,"[FLNB, CFTR]"
C595,2,1,0.5,"[XRCC6, CFTR]"
C596,2,1,0.5,"[RPL21, CFTR]"
C597,2,1,0.5,"[VCL, CFTR]"
C598,2,1,0.5,"[FSCN1, CFTR]"
C599,2,1,0.5,"[RPL7, CFTR]"
C600,2,1,0.5,"[EIF3K, CFTR]"
C601,2,1,0.5,"[RPL10A, CFTR]"
C602,2,1,0.5,"[PXN, CFTR]"
C603,2,1,0.5,"[RPL14, CFTR]"
C604,2,1,0.5,"[CORO1C, CFTR]"
C605,2,1,0.5,"[CAPZB, CFTR]"
C606,2,1,0.5,"[PSMA6, CFTR]"
C607,2,1,0.5,"[RPL24, CFTR]"
C608,2,1,0.5,"[ACTN4, CFTR]"
C609,2,1,0.5,"[DAB2, CFTR]"
C610,2,1,0.5,"[ERLIN2, CFTR]"
C611,2,1,0.5,"[STIP1, CFTR]"
C612,2,1,0.5,"[RNH1, CFTR]"
C613,2,1,0.5,"[SSBP1, CFTR]"
C614,2,1,0.5,"[COPE, CFTR]"
C615,2,1,0.5,"[PHGDH, CFTR]"
C616,2,1,0.5,"[IGF2BP3, CFTR]"
C617,2,1,0.5,"[HDAC6, CFTR]"
C618,2,1,0.5,"[HSPA1A, CFTR]"
C619,2,1,0.5,"[FLOT2, CFTR]"
C620,2,1,0.5,"[RPL28, CFTR]"
C621,2,1,0.5,"[ESYT2, CFTR]"
C622,2,1,0.5,"[RPS15, CFTR]"
C623,2,1,0.5,"[XRCC5, CFTR]"
C624,2,1,0.5,"[RPL36, CFTR]"
C625,2,1,0.5,"[LDHA, CFTR]"
C626,2,1,0.5,"[PHB, CFTR]"
C627,2,1,0.5,"[ALDOA, CFTR]"
C628,2,1,0.5,"[MYH9, CFTR]"
C629,2,1,0.5,"[TUBB6, CFTR]"
C630,2,1,0.5,"[AHSA1, CFTR]"
C631,2,1,0.5,"[QARS, CFTR]"
C632,2,1,0.5,"[SNAP23, CFTR]"
C633,2,1,0.5,"[PABPC1, HBB]"
C634,2,1,0.5,"[CBX3, DYNLL1]"
C635,2,1,0.5,"[CD44, DYNLL1]"
C636,2,1,0.5,"[KANK2, DYNLL1]"
C637,2,1,0.5,"[TAFA4, FN1]"
C638,2,1,0.5,"[TXNRD3, HIST1H2AH]"
C639,2,1,0.5,"[PMPCA, CA5A]"
C640,2,1,0.5,"[HIST2H2BC, ADAMTS10]"
C641,2,1,0.5,"[BDKRB1, CERS1]"
C642,2,1,0.5,"[FAAH, MME]"
C643,2,1,0.5,"[KIF2C, SGMS2]"
C644,2,1,0.5,"[AKAP5, SGMS2]"
C645,2,1,0.5,"[ACER1, UBA52]"
C646,2,1,0.5,"[EDEM1, LOXL3]"
C647,2,1,0.5,"[SUFU, LOXL3]"
C648,2,1,0.5,"[MSI1, LOXL3]"
C649,2,1,0.5,"[VPS26B, LOXL3]"
C650,2,1,0.5,"[SENP5, LOXL3]"
C651,2,1,0.5,"[TYR, GPR143]"
C652,2,1,0.5,"[GPX3, TP53I3]"
C653,2,1,0.5,"[FOXB1, SMPD4]"
C654,2,1,0.5,"[FOXI1, SMPD4]"
C655,2,1,0.5,"[FOXH1, SMPD4]"
C656,2,1,0.5,"[SRFBP1, SMPD4]"
C657,2,1,0.5,"[FOXL2, SMPD4]"
C658,2,1,0.5,"[NUP153, SMPD4]"
C659,2,1,0.5,"[FOXL1, SMPD4]"
C660,2,1,0.5,"[NUP107, SMPD4]"
C661,2,1,0.5,"[FOXE1, SMPD4]"
C662,2,1,0.5,"[FOXI2, SMPD4]"
C663,2,1,0.5,"[FOXA3, SMPD4]"
C664,2,1,0.5,"[BRF2, SMPD4]"
C665,2,1,0.5,"[ECH1, ACP6]"
C666,2,1,0.5,"[RGS10, ACP6]"
C667,2,1,0.5,"[LIMS1, ACP6]"
C668,2,1,0.5,"[SDHAF3, ACP6]"
C669,2,1,0.5,"[NME4, ACP6]"
C670,2,1,0.5,"[BOLA3, ACP6]"
C671,2,1,0.5,"[DHX36, ACP6]"
C672,2,1,0.5,"[DPP4, FAP]"
C673,2,1,0.5,"[TXN, GPX1]"
C674,2,1,0.5,"[ARHGAP11B, GPX1]"
C675,2,1,0.5,"[EXOSC2, GPX1]"
C676,2,1,0.5,"[ABL1, GPX1]"
C677,2,1,0.5,"[CDK18, CA4]"
C678,2,1,0.5,"[GSTO2, GPX4]"
C679,2,1,0.5,"[OTUD5, GPX4]"
C680,2,1,0.5,"[LLGL2, ABCA7]"
C681,2,1,0.5,"[HNRNPD, ABCA7]"
C682,2,1,0.5,"[C5AR2, ABCA7]"
C683,2,1,0.5,"[TFCP2, CA1]"
C684,2,1,0.5,"[RXFP4, QDPR]"
C685,2,1,0.5,"[ANKRD13A, QDPR]"
C686,2,1,0.5,"[TMPRSS4, DHCR7]"
C687,2,1,0.5,"[DOCK3, DHCR7]"
C688,2,1,0.5,"[TOR1A, DHCR7]"
C689,2,1,0.5,"[NDN, DHCR7]"
C690,2,1,0.5,"[GLP1R, PIGG]"
C691,2,1,0.5,"[NCR3LG1, PIGG]"
C692,2,1,0.5,"[ATP6V0E1, PIGG]"
C693,2,1,0.5,"[ADGRE5, PIGG]"
C694,2,1,0.5,"[SYBU, TPH2]"
C695,2,1,0.5,"[TRIM69, IYD]"
C696,2,1,0.5,"[DDRGK1, IYD]"
C697,2,1,0.5,"[ALG11, SMPD1]"
C698,2,1,0.5,"[SLC27A2, SMPD1]"
C699,2,1,0.5,"[CASP7, SMPD1]"
C700,2,1,0.5,"[SEL1L, SMPD1]"
C701,2,1,0.5,"[CLPP, TST]"
C702,2,1,0.5,"[NEDD8, TST]"
C703,2,1,0.5,"[CACNA2D1, CYP19A1]"
C704,2,1,0.5,"[RC3H2, CYP19A1]"
C705,2,1,0.5,"[NPLOC4, CYP19A1]"
C706,2,1,0.5,"[ATP6V0A1, SMPD3]"
C707,2,1,0.5,"[TMEM135, SMPD3]"
C708,2,1,0.5,"[ENDOD1, SMPD3]"
C709,2,1,0.5,"[PPP3R1, SMPD3]"
C710,2,1,0.5,"[PPP3CA, SMPD3]"
C711,2,1,0.5,"[SHKBP1, GLTP]"
C712,2,1,0.5,"[ASPSCR1, GLTP]"
C713,2,1,0.5,"[AMD1, GLTP]"
C714,2,1,0.5,"[PRRC2A, CELA1]"
C715,2,1,0.5,"[PRR14, CELA1]"
C716,2,1,0.5,"[ZNF318, CELA1]"
C717,2,1,0.5,"[BCOR, CELA1]"
C718,2,1,0.5,"[CEP164, CELA1]"
C719,2,1,0.5,"[HDAC3, CELA1]"
C720,2,1,0.5,"[KRBA1, CELA1]"
C721,2,1,0.5,"[GLI3, CELA1]"
C722,2,1,0.5,"[SIPA1L2, CELA1]"
C723,2,1,0.5,"[SMYD2, CELA1]"
C724,2,1,0.5,"[PDF, ENPP7]"
C725,2,1,0.5,"[RHEB, ENPP7]"
C726,2,1,0.5,"[TTC17, ENPP7]"
C727,2,1,0.5,"[ERGIC2, ENPP7]"
C728,2,1,0.5,"[TUBB3, ENPP7]"
C729,2,1,0.5,"[EPDR1, ENPP7]"
C730,2,1,0.5,"[EIF4G1, GCHFR]"
C731,2,1,0.5,"[CAMKK2, GCHFR]"
C732,2,1,0.5,"[HBS1L, GCHFR]"
C733,2,1,0.5,"[FXYD1, GCHFR]"
C734,2,1,0.5,"[NEBL, GCHFR]"
C735,2,1,0.5,"[SPINK2, GCHFR]"
C736,2,1,0.5,"[PUSL1, GCHFR]"
C737,2,1,0.5,"[DOCK11, GCHFR]"
C738,2,1,0.5,"[IRF2BP2, GCHFR]"
C739,2,1,0.5,"[TMEM132A, CELA3A]"
C740,2,1,0.5,"[CNTNAP3, CELA3A]"
C741,2,1,0.5,"[PCSK5, CELA3A]"
C742,2,1,0.5,"[PPP2R5D, CELA3A]"
C743,2,1,0.5,"[POTEF, CELA3A]"
C744,2,1,0.5,"[TUBB8, CELA3A]"
C745,2,1,0.5,"[PPIP5K2, CELA3A]"
C746,2,1,0.5,"[CA5B, DBT]"
C747,2,1,0.5,"[YEATS4, TPH1]"
C748,2,1,0.5,"[MCM10, TPH1]"
C749,2,1,0.5,"[RFWD3, TPH1]"
C750,2,1,0.5,"[SIDT2, STS]"
C751,2,1,0.5,"[MBOAT7, STS]"
C752,2,1,0.5,"[JAG2, STS]"
C753,2,1,0.5,"[GJA1, STS]"
C754,2,1,0.5,"[CISD2, STS]"
C755,2,1,0.5,"[LRRC8A, STS]"
C756,2,1,0.5,"[TMEM214, STS]"
C757,2,1,0.5,"[RETREG2, STS]"
C758,2,1,0.5,"[ATP11C, STS]"
C759,2,1,0.5,"[SUMF1, STS]"
C760,2,1,0.5,"[ABCB8, STS]"
C761,2,1,0.5,"[LYZL1, STS]"
C762,2,1,0.5,"[SLC30A1, STS]"
C763,2,1,0.5,"[FUT8, STS]"
C764,2,1,0.5,"[ZDHHC6, STS]"
C765,2,1,0.5,"[MTREX, GBA]"
C766,2,1,0.5,"[IMP3, GBA]"
C767,2,1,0.5,"[B4GALT7, GBA]"
C768,2,1,0.5,"[FGD6, GBA]"
C769,2,1,0.5,"[FMR1, GBA]"
C770,2,1,0.5,"[ZMYND11, GBA]"
C771,2,1,0.5,"[ZCCHC8, GBA]"
C772,2,1,0.5,"[RNF20, GBA]"
C773,2,1,0.5,"[JPH1, GBA]"
C774,2,1,0.5,"[PATJ, GBA]"
C775,2,1,0.5,"[SCAMP3, GBA]"
C776,2,1,0.5,"[ATP5PF, GBA]"
C777,2,1,0.5,"[RPS6KA3, GBA]"
C778,2,1,0.5,"[ZFP91, GBA]"
C779,2,1,0.5,"[RAB27B, GBA]"
C780,2,1,0.5,"[TMEM63A, PIGN]"
C781,2,1,0.5,"[GPR21, PIGN]"
C782,2,1,0.5,"[TXNDC15, PIGN]"
C783,2,1,0.5,"[RBPJ, SEPSECS]"
C784,2,1,0.5,"[MTMR2, SEPSECS]"
C785,2,1,0.5,"[CPPED1, SEPSECS]"
C786,2,1,0.5,"[COP1, SEPSECS]"
C787,2,1,0.5,"[ABLIM1, SEPSECS]"
C788,2,1,0.5,"[RNF2, ABCB1]"
C789,2,1,0.5,"[PFAS, SEPHS1]"
C790,2,1,0.5,"[WDR12, SEPHS1]"
C791,2,1,0.5,"[PUM1, SEPHS1]"
C792,2,1,0.5,"[ZBTB25, SEPHS1]"
C793,2,1,0.5,"[HLX, SEPHS1]"
C794,2,1,0.5,"[QRICH1, SEPHS1]"
C795,2,1,0.5,"[MASTL, PLEKHA8]"
C796,2,1,0.5,"[CDKN2AIPNL, PLEKHA8]"
C797,2,1,0.5,"[FAN1, PLEKHA8]"
C798,2,1,0.5,"[CDKN2A, PLEKHA8]"
C799,2,1,0.5,"[PLEKHA8P1, PLEKHA8]"
C800,2,1,0.5,"[GGT7, PIGB]"
C801,2,1,0.5,"[TNPO1, TXNRD1]"
C802,2,1,0.5,"[PAPSS2, TXNRD1]"
C803,2,1,0.5,"[TUBB, TXNRD1]"
C804,2,1,0.5,"[NAE1, TXNRD1]"
C805,2,1,0.5,"[UBXN1, TXNRD1]"
C806,2,1,0.5,"[POU2F2, TXNRD1]"
C807,2,1,0.5,"[APEX1, TXNRD1]"
C808,2,1,0.5,"[TRIM25, TXNRD1]"
C809,2,1,0.5,"[CDO1, TXNRD1]"
C810,2,1,0.5,"[RP2, TXNRD1]"
C811,2,1,0.5,"[AFG3L2, GBA2]"
C812,2,1,0.5,"[SRP68, GBA2]"
C813,2,1,0.5,"[MRPL44, GBA2]"
C814,2,1,0.5,"[PPFIA1, GBA2]"
C815,2,1,0.5,"[BAG5, GBA2]"
C816,2,1,0.5,"[ILVBL, GBA2]"
C817,2,1,0.5,"[SEC23IP, GPX7]"
C818,2,1,0.5,"[PSME1, GPX7]"
C819,2,1,0.5,"[HSPA14, GPX7]"
C820,2,1,0.5,"[ASNA1, GPX7]"
C821,2,1,0.5,"[NFS1, GPX7]"
C822,2,1,0.5,"[UTP6, GPX7]"
C823,2,1,0.5,"[ZC3HC1, GPX7]"
C824,2,1,0.5,"[GAK, GPX7]"
C825,2,1,0.5,"[SH3GL1, GPX7]"
C826,2,1,0.5,"[PLPBP, GPX7]"
C827,2,1,0.5,"[LYRM4, GPX7]"
C828,2,1,0.5,"[THYN1, GPX7]"
C829,2,1,0.5,"[THNSL1, GPX7]"
C830,2,1,0.5,"[EIF2AK2, GPX7]"
C831,2,1,0.5,"[C1orf52, GPX7]"
C832,2,1,0.5,"[SNX1, GPX7]"
C833,2,1,0.5,"[ZG16B, GPX7]"
C834,2,1,0.5,"[ZC3HAV1L, GPX7]"
C835,2,1,0.5,"[C3AR1, CERS5]"
C836,2,1,0.5,"[HTR2C, CERS5]"
C837,2,1,0.5,"[P2RY12, CERS5]"
C838,2,1,0.5,"[ABRAXAS1, ALDH6A1]"
C839,2,1,0.5,"[LAMP2, ALDH6A1]"
C840,2,1,0.5,"[POLG2, ALDH6A1]"
C841,2,1,0.5,"[ALDH8A1, ALDH6A1]"
C842,2,1,0.5,"[ATP1B3, PIGO]"
C843,2,1,0.5,"[TM2D2, PIGM]"
C844,2,1,0.5,"[CHRM4, PIGM]"
C845,2,1,0.5,"[CNDP1, PIGM]"
C846,2,1,0.5,"[GAL3ST1, PIGW]"
C847,2,1,0.5,"[WLS, PIGW]"
C848,2,1,0.5,"[SLC22A9, PIGW]"
C849,2,1,0.5,"[SLC2A12, PIGW]"
C850,2,1,0.5,"[SLC7A1, PIGW]"
C851,2,1,0.5,"[SLC39A4, PIGW]"
C852,2,1,0.5,"[PIGL, MEIS2]"
C853,2,1,0.5,"[ZNF556, ASAH1]"
C854,2,1,0.5,"[LYPD1, ASAH1]"
C855,2,1,0.5,"[RNF6, ASAH1]"
C856,2,1,0.5,"[NSG2, ASAH1]"
C857,2,1,0.5,"[SLCO6A1, ASAH1]"
C858,2,1,0.5,"[ZSCAN12, ASAH1]"
C859,2,1,0.5,"[TRMT2A, ASAH1]"
C860,2,1,0.5,"[HTATIP2, ASAH1]"
C861,2,1,0.5,"[GLT1D1, ASAH1]"
C862,2,1,0.5,"[PNKD, ASAH1]"
C863,2,1,0.5,"[CYP1A2, ASAH1]"
C864,2,1,0.5,"[GSG1, ASAH1]"
C865,2,1,0.5,"[AAMP, ASAH1]"
C866,2,1,0.5,"[AAGAB, ASAH1]"
C867,2,1,0.5,"[HEXA, GM2A]"
C868,2,1,0.5,"[CFAP298, GM2A]"
C869,2,1,0.5,"[POC5, GM2A]"
C870,2,1,0.5,"[CCDC51, GM2A]"
C871,2,1,0.5,"[SSBP4, GM2A]"
C872,2,1,0.5,"[KIR3DS1, GM2A]"
C873,2,1,0.5,"[AKR7L, AKR7A3]"
C874,2,1,0.5,"[CCL22, SEPHS2]"
C875,2,1,0.5,"[LOXL4, SEPHS2]"
C876,2,1,0.5,"[ENDOV, SEPHS2]"
C877,2,1,0.5,"[IER2, GALC]"
C878,2,1,0.5,"[IKZF1, GALC]"
C879,2,1,0.5,"[TRMT11, GALC]"
C880,2,1,0.5,"[CST7, GALC]"
C881,2,1,0.5,"[ESS2, GALC]"
C882,2,1,0.5,"[TMEM51, GALC]"
C883,2,1,0.5,"[OTUD6B, GALC]"
C884,2,1,0.5,"[NCOA5, GALC]"
C885,2,1,0.5,"[EEF2KMT, GALC]"
C886,2,1,0.5,"[CLEC11A, GALC]"
C887,2,1,0.5,"[ALS2CR12, SULT2B1]"
C888,2,1,0.5,"[FCF1, SULT2B1]"
C889,2,1,0.5,"[SULT1A1, SULT2B1]"
C890,2,1,0.5,"[SYT16, SELENBP1]"
C891,2,1,0.5,"[AR, SELENBP1]"
C892,2,1,0.5,"[RASGRP4, SELENBP1]"
C893,2,1,0.5,"[ARL11, SELENBP1]"
C894,2,1,0.5,"[CPLX3, SELENBP1]"
C895,2,1,0.5,"[CAMKMT, SELENBP1]"
C896,2,1,0.5,"[MED31, SELENBP1]"
C897,2,1,0.5,"[FBXL4, SELENBP1]"
C898,2,1,0.5,"[RAB11FIP4, SELENBP1]"
C899,2,1,0.5,"[HOOK1, SELENBP1]"
C900,2,1,0.5,"[LACC1, SELENBP1]"
C901,2,1,0.5,"[SETDB2, SELENBP1]"
C902,2,1,0.5,"[SMARCD1, SELENBP1]"
C903,2,1,0.5,"[MMACHC, SELENBP1]"
C904,2,1,0.5,"[KIF3A, SELENBP1]"
C905,2,1,0.5,"[FLYWCH2, SELENBP1]"
C906,2,1,0.5,"[RAB11B, SELENBP1]"
C907,2,1,0.5,"[TBC1D14, SELENBP1]"
C908,2,1,0.5,"[OAZ3, SELENBP1]"
C909,2,1,0.5,"[OFCC1, SELENBP1]"
C910,2,1,0.5,"[IL31RA, SELENBP1]"
C911,2,1,0.5,"[GDF5, SELENBP1]"
C912,2,1,0.5,"[FOXP2, SELENBP1]"
C913,2,1,0.5,"[GPBP1, SELENBP1]"
C914,2,1,0.5,"[DOLPP1, SELENBP1]"
C915,2,1,0.5,"[B3GALNT1, SELENBP1]"
C916,2,1,0.5,"[SGO2, SELENBP1]"
C917,2,1,0.5,"[ADRA1A, UGT8]"
C918,2,1,0.5,"[CSGALNACT2, UGT8]"
C919,2,1,0.5,"[H1F0, UGT8]"
C920,2,1,0.5,"[B4GAT1, UGT8]"
C921,2,1,0.5,"[TRDN, UGT8]"
C922,2,1,0.5,"[ADPGK, UGT8]"
C923,2,1,0.5,"[PTCH1, UGT8]"
C924,2,1,0.5,"[HSD11B1, UGT8]"
C925,2,1,0.5,"[HMOX2, UGT8]"
C926,2,1,0.5,"[HMOX1, UGT8]"
C927,2,1,0.5,"[PON2, UGT8]"
C928,2,1,0.5,"[NBN, CELA2B]"
C929,2,1,0.5,"[RAD50, CELA2B]"
C930,2,1,0.5,"[ATXN2, CELA2B]"
C931,2,1,0.5,"[MRM2, CELA2B]"
C932,2,1,0.5,"[RPUSD2, CELA2B]"
C933,2,1,0.5,"[MRE11, CELA2B]"
C934,2,1,0.5,"[U2AF2, CERK]"
C935,2,1,0.5,"[NR3C1, CERK]"
C936,2,1,0.5,"[PRRC2B, CERK]"
C937,2,1,0.5,"[UTP4, CERK]"
C938,2,1,0.5,"[TAF13, CERK]"
C939,2,1,0.5,"[GEMIN2, CERK]"
C940,2,1,0.5,"[UBL4A, CERK]"
C941,2,1,0.5,"[USP1, CERK]"
C942,2,1,0.5,"[RBM26, CERK]"
C943,2,1,0.5,"[WDR43, CERK]"
C944,2,1,0.5,"[EIF4ENIF1, CERK]"
C945,2,1,0.5,"[NOP16, CERK]"
C946,2,1,0.5,"[APOL2, CERK]"
C947,2,1,0.5,"[BUB1B, CERK]"
C948,2,1,0.5,"[RPS14, CERK]"
C949,2,1,0.5,"[DDX23, CERK]"
C950,2,1,0.5,"[CCDC174, CERK]"
C951,2,1,0.5,"[SPG7, CERK]"
C952,2,1,0.5,"[TBC1D22A, CERK]"
C953,2,1,0.5,"[RAD18, CERK]"
C954,2,1,0.5,"[HLTF, CERK]"
C955,2,1,0.5,"[CELF1, CERK]"
C956,2,1,0.5,"[ALDH18A1, CERK]"
C957,2,1,0.5,"[GMNN, CERK]"
C958,2,1,0.5,"[IL20RA, CERK]"
C959,2,1,0.5,"[TNFRSF9, CERK]"
C960,2,1,0.5,"[KCTD17, CERK]"
C961,2,1,0.5,"[CCNDBP1, CERK]"
C962,2,1,0.5,"[NUP62, SUOX]"
C963,2,1,0.5,"[DNAJC11, SUOX]"
C964,2,1,0.5,"[FHOD1, SUOX]"
C965,2,1,0.5,"[CES3, SUOX]"
C966,2,1,0.5,"[SPANXN3, SUOX]"
C967,2,1,0.5,"[EXOC6, CA14]"
C968,2,1,0.5,"[COG8, CA14]"
C969,2,1,0.5,"[MON2, CA14]"
C970,2,1,0.5,"[NUP160, CA14]"
C971,2,1,0.5,"[EXOC8, CA14]"
C972,2,1,0.5,"[TNPO2, CA14]"
C973,2,1,0.5,"[MTOR, CA14]"
C974,2,1,0.5,"[EVA1B, CA14]"
C975,2,1,0.5,"[SLC38A7, CA14]"
C976,2,1,0.5,"[EIF2B5, CA14]"
C977,2,1,0.5,"[EXOC6B, CA14]"
C978,2,1,0.5,"[COG4, CA14]"
C979,2,1,0.5,"[NCAPH2, CA14]"
C980,2,1,0.5,"[EIF2B2, CA14]"
C981,2,1,0.5,"[NF1, CA14]"
C982,2,1,0.5,"[SAAL1, CA14]"
C983,2,1,0.5,"[EXOC5, CA14]"
C984,2,1,0.5,"[SLC22A18, CA14]"
C985,2,1,0.5,"[THADA, CA14]"
C986,2,1,0.5,"[CIP2A, CA14]"
C987,2,1,0.5,"[ATR, CA14]"
C988,2,1,0.5,"[COG7, CA14]"
C989,2,1,0.5,"[KIF14, CA14]"
C990,2,1,0.5,"[EXOC7, CA14]"
C991,2,1,0.5,"[RANBP6, CA14]"
C992,2,1,0.5,"[EIF2B1, CA14]"
C993,2,1,0.5,"[EIF2B3, CA14]"
C994,2,1,0.5,"[XPO4, CA14]"
C995,2,1,0.5,"[COG2, CA14]"
C996,2,1,0.5,"[EIF2B4, CA14]"
C997,2,1,0.5,"[XPO6, CA14]"
C998,2,1,0.5,"[LMF2, ENPP6]"
C999,2,1,0.5,"[NDUFA7, ENPP6]"
C1000,2,1,0.5,"[EMC3, ENPP6]"
C1001,2,1,0.5,"[GLB1L2, ENPP6]"
C1002,2,1,0.5,"[PTPN1, ENPP6]"
C1003,2,1,0.5,"[AGTRAP, ENPP6]"
C1004,2,1,0.5,"[NUP85, ENPP6]"
C1005,2,1,0.5,"[VAMP3, ENPP6]"
C1006,2,1,0.5,"[MEX3B, ENPP6]"
C1007,2,1,0.5,"[STEAP3, ENPP6]"
C1008,2,1,0.5,"[GLMN, ENPP6]"
C1009,2,1,0.5,"[RUNDC1, ENPP6]"
C1010,2,1,0.5,"[GNPAT, ENPP6]"
C1011,2,1,0.5,"[NDUFB3, ENPP6]"
C1012,2,1,0.5,"[STX7, ENPP6]"
C1013,2,1,0.5,"[SACS, ENPP6]"
C1014,2,1,0.5,"[NDUFB9, ENPP6]"
C1015,2,1,0.5,"[SCAMP1, ENPP6]"
C1016,2,1,0.5,"[ZBTB33, ENPP6]"
C1017,2,1,0.5,"[CRLF3, ENPP6]"
C1018,2,1,0.5,"[SLC26A6, ENPP6]"
C1019,2,1,0.5,"[CCR4, DHCR24]"
C1020,2,1,0.5,"[REEP5, DHCR24]"
C1021,2,1,0.5,"[CAV2, DHCR24]"
C1022,2,1,0.5,"[NDUFAF4, DHCR24]"
C1023,2,1,0.5,"[ATP6V0D1, DHCR24]"
C1024,2,1,0.5,"[FUNDC2, DHCR24]"
C1025,2,1,0.5,"[LUZP1, DHCR24]"
C1026,2,1,0.5,"[ERAP1, DHCR24]"
C1027,2,1,0.5,"[USE1, MGLL]"
C1028,2,1,0.5,"[SPATA46, MGLL]"
C1029,2,1,0.5,"[HPCAL1, MGLL]"
C1030,2,1,0.5,"[MTA2, LOXL2]"
C1031,2,1,0.5,"[RBBP7, LOXL2]"
C1032,2,1,0.5,"[SIN3A, LOXL2]"
C1033,2,1,0.5,"[EZH2, LOXL2]"
C1034,2,1,0.5,"[MARCKSL1, LOXL2]"
C1035,2,1,0.5,"[LYZL2, LOXL2]"
C1036,2,1,0.5,"[WNT7A, LOXL2]"
C1037,2,1,0.5,"[PSG8, LOXL2]"
C1038,2,1,0.5,"[IDS, LOXL2]"
C1039,2,1,0.5,"[TINAGL1, LOXL2]"
C1040,2,1,0.5,"[ADAMTS4, LOXL2]"
C1041,2,1,0.5,"[IL12RB1, LOXL2]"
C1042,2,1,0.5,"[KLK11, LOXL2]"
C1043,2,1,0.5,"[KLK5, LOXL2]"
C1044,2,1,0.5,"[TAZ, LOXL2]"
C1045,2,1,0.5,"[KLRB1, CLEC2D]"
C1046,2,1,0.5,"[EDNRB, EDN1]"
C1047,2,1,0.5,"[EDNRA, EDN1]"
C1048,2,1,0.5,"[ANKRD46, CD1E]"
C1049,2,1,0.5,"[TMEM59L, CD1E]"
C1050,2,1,0.5,"[ABHD14A, CD1E]"
C1051,2,1,0.5,"[ITGA7, CD1E]"
C1052,2,1,0.5,"[BACE2, CD1E]"
C1053,2,1,0.5,"[FNDC3A, CD1E]"
C1054,2,1,0.5,"[POMT1, CD1E]"
C1055,2,1,0.5,"[STIM1, CD1E]"
C1056,2,1,0.5,"[DPAGT1, CD1E]"
C1057,2,1,0.5,"[SEMA4F, CD1E]"
C1058,2,1,0.5,"[MAN2A2, CD1E]"
C1059,2,1,0.5,"[C1QL1, CD1E]"
C1060,2,1,0.5,"[PLXNA2, CD1E]"
C1061,2,1,0.5,"[SUSD5, CD1E]"
C1062,2,1,0.5,"[RGS1, ACACB]"
C1063,2,1,0.5,"[HLCS, ACACB]"
C1064,2,1,0.5,"[MAPK15, LTF]"
C1065,2,1,0.5,"[ARHGAP11A, LTF]"
C1066,2,1,0.5,"[GSK3A, LTF]"
C1067,2,1,0.5,"[PRAP1, LTF]"
C1068,2,1,0.5,"[EPPIN, LTF]"
C1069,2,1,0.5,"[POLL, LTF]"
C1070,2,1,0.5,"[SGK1, LTF]"
C1071,2,1,0.5,"[MUC7, LTF]"
C1072,2,1,0.5,"[HBM, LTF]"
C1073,2,1,0.5,"[SNX27, LTF]"
C1074,2,1,0.5,"[ZNF250, LTF]"
C1075,2,1,0.5,"[SIRPG, LTF]"
C1076,2,1,0.5,"[CCDC148, LTF]"
C1077,2,1,0.5,"[FN3KRP, LTF]"
C1078,2,1,0.5,"[ICE2, LTF]"
C1079,2,1,0.5,"[LYZ, LTF]"
C1080,2,1,0.5,"[SMAD3, CYP11A1]"
C1081,2,1,0.5,"[NLGN3, CYP11A1]"
C1082,2,1,0.5,"[FDX1, CYP11A1]"
C1083,2,1,0.5,"[IL32, PRTN3]"
C1084,2,1,0.5,"[SERPINB1, PRTN3]"
C1085,2,1,0.5,"[ITGA2, CA9]"
C1086,2,1,0.5,"[MMP14, CA9]"
C1087,2,1,0.5,"[CTNNA1, CA9]"
C1088,2,1,0.5,"[CTNNB1, CA9]"
C1089,2,1,0.5,"[MTUS2, PLSCR4]"
C1090,2,1,0.5,"[KRTAP4-12, PLSCR4]"
C1091,2,1,0.5,"[DPH1, PLSCR4]"
C1092,2,1,0.5,"[KRTAP6-1, PLSCR4]"
C1093,2,1,0.5,"[MRGBP, PLSCR4]"
C1094,2,1,0.5,"[ZDHHC17, PLSCR4]"
C1095,2,1,0.5,"[PLIN2, LIPE]"
C1096,2,1,0.5,"[PLIN5, LIPE]"
C1097,2,1,0.5,"[STAR, LIPE]"
C1098,2,1,0.5,"[FABP9, LIPE]"
C1099,2,1,0.5,"[FABP4, LIPE]"
C1100,2,1,0.5,"[PLIN1, LIPE]"
C1101,2,1,0.5,"[PDLIM7, SOAT1]"
C1102,2,1,0.5,"[RAB2A, SOAT1]"
C1103,2,1,0.5,"[KATNA1, SOAT1]"
C1104,2,1,0.5,"[TMEM63B, SOAT1]"
C1105,2,1,0.5,"[PCDHB15, SOAT1]"
C1106,2,1,0.5,"[UQCRC1, SOAT1]"
C1107,2,1,0.5,"[NDUFS1, SOAT1]"
C1108,2,1,0.5,"[TERF1, SOAT1]"
C1109,2,1,0.5,"[UBIAD1, SOAT1]"
C1110,2,1,0.5,"[RTN4R, SOAT1]"
C1111,2,1,0.5,"[CARNMT1, SOAT1]"
C1112,2,1,0.5,"[ADAM33, SOAT1]"
C1113,2,1,0.5,"[ILF2, SOAT1]"
C1114,2,1,0.5,"[FAM187B, SOAT1]"
C1115,2,1,0.5,"[TSPAN5, SOAT1]"
C1116,2,1,0.5,"[ASGR2, SOAT1]"
C1117,2,1,0.5,"[LYPD6, SOAT1]"
C1118,2,1,0.5,"[RNF11, SOAT1]"
C1119,2,1,0.5,"[RSPRY1, AGK]"
C1120,2,1,0.5,"[PRKN, AGK]"
C1121,2,1,0.5,"[AP3S1, AGK]"
C1122,2,1,0.5,"[TIMM10, AGK]"
C1123,2,1,0.5,"[RAB18, AGK]"
C1124,2,1,0.5,"[HCCS, AGK]"
C1125,2,1,0.5,"[TIMM10B, AGK]"
C1126,2,1,0.5,"[TIMM29, AGK]"
C1127,2,1,0.5,"[SERPINA3, ELANE]"
C1128,2,1,0.5,"[SLPI, ELANE]"
C1129,2,1,0.5,"[KCNC4, SMPD2]"
C1130,2,1,0.5,"[TEX28, SMPD2]"
C1131,2,1,0.5,"[LRRC32, SMPD2]"
C1132,2,1,0.5,"[PCDHGA5, SMPD2]"
C1133,2,1,0.5,"[PCDHB16, SMPD2]"
C1134,2,1,0.5,"[ANAPC10, SMPD2]"
C1135,2,1,0.5,"[TMED6, SMPD2]"
C1136,2,1,0.5,"[PLVAP, SMPD2]"
C1137,2,1,0.5,"[FNTB, SMPD2]"
C1138,2,1,0.5,"[MTHFR, SMPD2]"
C1139,2,1,0.5,"[PEBP1, SGPL1]"
C1140,2,1,0.5,"[PPP6R1, SGPL1]"
C1141,2,1,0.5,"[MORF4L1, SGPL1]"
C1142,2,1,0.5,"[PDCD11, SGPL1]"
C1143,2,1,0.5,"[PTK6, SGPL1]"
C1144,2,1,0.5,"[ANKRD12, SGPL1]"
C1145,2,1,0.5,"[TMEM173, SGPL1]"
C1146,2,1,0.5,"[TRIM9, SGPL1]"
C1147,2,1,0.5,"[TMEM206, SGPL1]"
C1148,2,1,0.5,"[MED21, SGPL1]"
C1149,2,1,0.5,"[CACNG5, SGPL1]"
C1150,2,1,0.5,"[IL13RA2, SGPL1]"
C1151,2,1,0.5,"[P2RX1, SGPL1]"
C1152,2,1,0.5,"[ISLR, SGPL1]"
C1153,2,1,0.5,"[TRARG1, SGPL1]"
C1154,2,1,0.5,"[HR, TH]"
C1155,2,1,0.5,"[MAPK1, TH]"
C1156,2,1,0.5,"[KDM3B, TH]"
C1157,2,1,0.5,"[RELL1, TH]"
C1158,2,1,0.5,"[MTFR2, TH]"
C1159,2,1,0.5,"[TAOK2, TH]"
C1160,2,1,0.5,"[ZBTB34, TH]"
C1161,2,1,0.5,"[NFIC, TH]"
C1162,2,1,0.5,"[NCOA1, RORA]"
C1163,2,1,0.5,"[NR0B1, RORA]"
C1164,2,1,0.5,"[NCOA2, RORA]"
C1165,2,1,0.5,"[MED1, RORA]"
C1166,2,1,0.5,"[MYOD1, RORA]"
C1167,2,1,0.5,"[NME1, RORA]"
C1168,2,1,0.5,"[BARD1, NPC2]"
C1169,2,1,0.5,"[NEGR1, NPC2]"
C1170,2,1,0.5,"[IRGQ, NPC2]"
C1171,2,1,0.5,"[TMPRSS11B, NPC2]"
C1172,2,1,0.5,"[CFB, NPC2]"
C1173,2,1,0.5,"[HK3, NPC2]"
C1174,2,1,0.5,"[RRAGA, NPC2]"
C1175,2,1,0.5,"[LDB3, NPC2]"
C1176,2,1,0.5,"[NPC1, NPC2]"
C1177,2,1,0.5,"[DHDDS, NPC2]"
C1178,2,1,0.5,"[TMPRSS6, HJV]"
C1179,2,1,0.5,"[BMP2, HJV]"
C1180,2,1,0.5,"[CA12, TMEM30B]"
C1181,2,1,0.5,"[ZNF638, EFEMP2]"
C1182,2,1,0.5,"[COL8A1, EFEMP2]"
C1183,2,1,0.5,"[APEX2, EFEMP2]"
C1184,2,1,0.5,"[CREB5, EFEMP2]"
C1185,2,1,0.5,"[RIBC2, EFEMP2]"
C1186,2,1,0.5,"[AQP1, EFEMP2]"
C1187,2,1,0.5,"[PIDD1, EFEMP2]"
C1188,2,1,0.5,"[ATXN1, EFEMP2]"
C1189,2,1,0.5,"[CCNK, EFEMP2]"
C1190,2,1,0.5,"[ZNF263, EFEMP2]"
C1191,2,1,0.5,"[FAM107A, EFEMP2]"
C1192,2,1,0.5,"[CATSPER1, EFEMP2]"
C1193,2,1,0.5,"[AMMECR1, EFEMP2]"
C1194,2,1,0.5,"[RHPN1, EFEMP2]"
C1195,2,1,0.5,"[PRPF31, EFEMP2]"
C1196,2,1,0.5,"[ZNF426, EFEMP2]"
C1197,2,1,0.5,"[FAM124B, EFEMP2]"
C1198,2,1,0.5,"[LINGO1, EFEMP2]"
C1199,2,1,0.5,"[TCAF1, EFEMP2]"
C1200,2,1,0.5,"[CCND3, EFEMP2]"
C1201,2,1,0.5,"[HHEX, EFEMP2]"
C1202,2,1,0.5,"[STK16, EFEMP2]"
C1203,2,1,0.5,"[UBQLN1, EFEMP2]"
C1204,2,1,0.5,"[IL16, EFEMP2]"
C1205,2,1,0.5,"[RHOXF2, EFEMP2]"
C1206,2,1,0.5,"[CHMP4B, UGCG]"
C1207,2,1,0.5,"[PICK1, UGCG]"
C1208,2,1,0.5,"[TMEM231, UGCG]"
C1209,2,1,0.5,"[SLC20A1, UGCG]"
C1210,2,1,0.5,"[TNFRSF10A, UGCG]"
C1211,2,1,0.5,"[TNFRSF10B, UGCG]"
C1212,2,1,0.5,"[RTN1, UGCG]"
C1213,2,1,0.5,"[NAP1L5, COL4A3BP]"
C1214,2,1,0.5,"[PPP2R5C, COL4A3BP]"
C1215,2,1,0.5,"[PACSIN2, COL4A3BP]"
C1216,2,1,0.5,"[FTL, COL4A3BP]"
C1217,2,1,0.5,"[ACTL8, COL4A3BP]"
C1218,2,1,0.5,"[RTN3, COL4A3BP]"
C1219,2,1,0.5,"[POM121, COL4A3BP]"
C1220,2,1,0.5,"[RTN4, COL4A3BP]"
C1221,2,1,0.5,"[ARL6IP1, COL4A3BP]"
C1222,2,1,0.5,"[EYA1, COL4A3BP]"
C1223,2,1,0.5,"[RUFY1, COL4A3BP]"
C1224,2,1,0.5,"[MARK1, COL4A3BP]"
C1225,2,1,0.5,"[MARK3, COL4A3BP]"
C1226,2,1,0.5,"[TRAF7, COL4A3BP]"
C1227,2,1,0.5,"[EXOSC3, COL4A3BP]"
C1228,2,1,0.5,"[MARK2, COL4A3BP]"
C1229,2,1,0.5,"[ITGB3BP, COL4A3BP]"
C1230,2,1,0.5,"[CSNK1G2, COL4A3BP]"
C1231,2,1,0.5,"[PRG2, FBN2]"
C1232,2,1,0.5,"[LYPD4, FBN2]"
C1233,2,1,0.5,"[ADAMTSL1, FBN2]"
C1234,2,1,0.5,"[TAFA3, FBN2]"
C1235,2,1,0.5,"[PRG3, FBN2]"
C1236,2,1,0.5,"[FOXD4L6, FBN2]"
C1237,2,1,0.5,"[MATN2, FBN2]"
C1238,2,1,0.5,"[MFAP5, FBN2]"
C1239,2,1,0.5,"[MAIP1, MCCC1]"
C1240,2,1,0.5,"[IREB2, MCCC1]"
C1241,2,1,0.5,"[CHCHD10, MCCC1]"
C1242,2,1,0.5,"[SOS2, MCCC1]"
C1243,2,1,0.5,"[FECH, MCCC1]"
C1244,2,1,0.5,"[TUFM, MCCC1]"
C1245,2,1,0.5,"[NPB, MCCC1]"
C1246,2,1,0.5,"[SUCLA2, MCCC1]"
C1247,2,1,0.5,"[METTL2A, MCCC1]"
C1248,2,1,0.5,"[FOXRED1, MCCC1]"
C1249,2,1,0.5,"[STK4, ACACA]"
C1250,2,1,0.5,"[TMEM70, MCCC1]"
C1251,2,1,0.5,"[OXCT2, MCCC1]"
C1252,2,1,0.5,"[GCAT, MCCC1]"
C1253,2,1,0.5,"[ECSIT, MCCC2]"
C1254,2,1,0.5,"[CYB5B, MCCC2]"
C1255,2,1,0.5,"[UBASH3B, MCCC2]"
C1256,2,1,0.5,"[RECK, MCCC2]"
C1257,2,1,0.5,"[AGR2, MCCC2]"
C1258,2,1,0.5,"[F2RL1, PIGU]"
C1259,2,1,0.5,"[SLC6A15, PIGU]"
C1260,2,1,0.5,"[CLEC5A, PIGU]"
C1261,2,1,0.5,"[IRF6, LBP]"
C1262,2,1,0.5,"[PRDX4, LBP]"
C1263,2,1,0.5,"[LRRK2, CA2]"
C1264,2,1,0.5,"[USP42, CA2]"
C1265,2,1,0.5,"[SLC9A1, CA2]"
C1266,2,1,0.5,"[IMMP1L, ABCA1]"
C1267,2,1,0.5,"[ABCA12, ABCA1]"
C1268,2,1,0.5,"[COPS2, ABCA1]"
C1269,2,1,0.5,"[ARHGEF11, ABCA1]"
C1270,2,1,0.5,"[DLG3, ABCA1]"
C1271,2,1,0.5,"[LIN7B, ABCA1]"
C1272,2,1,0.5,"[DLG2, ABCA1]"
C1273,2,1,0.5,"[ARHGEF12, ABCA1]"
C1274,2,1,0.5,"[STX12, ABCA1]"
C1275,2,1,0.5,"[CDC42, ABCA1]"
C1276,2,1,0.5,"[XPC, ABCA1]"
C1277,2,1,0.5,"[FADD, ABCA1]"
C1278,2,1,0.5,"[UTRN, ABCA1]"
C1279,2,1,0.5,"[NR1H2, ABCA1]"
C1280,2,1,0.5,"[SNTB1, ABCA1]"
C1281,2,1,0.5,"[SNTB2, ABCA1]"
C1282,2,1,0.5,"[PYCARD, PIGP]"
C1283,2,1,0.5,"[ATP5MD, PIGS]"
C1284,2,1,0.5,"[YIPF5, PIGS]"
C1285,2,1,0.5,"[PPM1A, PIGS]"
C1286,2,1,0.5,"[DNAJC8, PIGS]"
C1287,2,1,0.5,"[MYH6, PIGS]"
C1288,2,1,0.5,"[MICALL2, PIGS]"
C1289,2,1,0.5,"[SF3A2, PIGS]"
C1290,2,1,0.5,"[CNTROB, PIGS]"
C1291,2,1,0.5,"[PKP3, NSMAF]"
C1292,2,1,0.5,"[EPB41L2, NSMAF]"
C1293,2,1,0.5,"[PFDN2, NSMAF]"
C1294,2,1,0.5,"[FBXL19, NSMAF]"
C1295,2,1,0.5,"[DOCK8, NSMAF]"
C1296,2,1,0.5,"[MAP1LC3A, NSMAF]"
C1297,2,1,0.5,"[CCT7, NSMAF]"
C1298,2,1,0.5,"[XIRP2, NSMAF]"
C1299,2,1,0.5,"[KBTBD7, NSMAF]"
C1300,2,1,0.5,"[MAP1LC3B, NSMAF]"
C1301,2,1,0.5,"[TCHH, NSMAF]"
C1302,2,1,0.5,"[PREP, NSMAF]"
C1303,2,1,0.5,"[DSG4, NSMAF]"
C1304,2,1,0.5,"[HEPHL1, NSMAF]"
C1305,2,1,0.5,"[CALHM4, NSMAF]"
C1306,2,1,0.5,"[LYG2, NSMAF]"
C1307,2,1,0.5,"[DUSP14, NSMAF]"
C1308,2,1,0.5,"[HEXIM1, NSMAF]"
C1309,2,1,0.5,"[GABARAPL1, NSMAF]"
C1310,2,1,0.5,"[ND4, TACR1]"
C1311,2,1,0.5,"[ATP8, TACR1]"
C1312,2,1,0.5,"[ATP5PD, TACR1]"
C1313,2,1,0.5,"[GPR50, TACR1]"
C1314,2,1,0.5,"[LPCAT3, TACR1]"
C1315,2,1,0.5,"[NDUFC2, TACR1]"
C1316,2,1,0.5,"[SLC25A46, TACR1]"
C1317,2,1,0.5,"[RGPD1, TACR1]"
C1318,2,1,0.5,"[GPR89A, TACR1]"
C1319,2,1,0.5,"[ATP5PB, TACR1]"
C1320,2,1,0.5,"[TSPAN15, TACR1]"
C1321,2,1,0.5,"[RDH14, TACR1]"
C1322,2,1,0.5,"[COX1, TACR1]"
C1323,2,1,0.5,"[ARL6IP5, TACR1]"
C1324,2,1,0.5,"[SYNGR2, TACR1]"
C1325,2,1,0.5,"[KIRREL1, TACR1]"
C1326,2,1,0.5,"[CERS2, TACR1]"
C1327,2,1,0.5,"[SLMAP, TACR1]"
C1328,2,1,0.5,"[GPRC5C, TACR1]"
C1329,2,1,0.5,"[NDUFS6, TACR1]"
C1330,2,1,0.5,"[PRXL2A, TACR1]"
C1331,2,1,0.5,"[TMEM164, TACR1]"
C1332,2,1,0.5,"[MFSD5, TACR1]"
C1333,2,1,0.5,"[LMBRD2, TACR1]"
C1334,2,1,0.5,"[ADIPOR1, TACR1]"
C1335,2,1,0.5,"[PKP4, TACR1]"
C1336,2,1,0.5,"[ARVCF, TACR1]"
C1337,2,1,0.5,"[HACD2, TACR1]"
C1338,2,1,0.5,"[PKP2, TACR1]"
C1339,2,1,0.5,"[TAC1, TACR1]"
C1340,2,1,0.5,"[TRAPPC2L, GLB1]"
C1341,2,1,0.5,"[TRAPPC5, GLB1]"
C1342,2,1,0.5,"[YPEL5, GLB1]"
C1343,2,1,0.5,"[MEPCE, GLB1]"
C1344,2,1,0.5,"[TRAPPC2, GLB1]"
C1345,2,1,0.5,"[CTSA, GLB1]"
C1346,2,1,0.5,"[CTNNBIP1, GLB1]"
C1347,2,1,0.5,"[RORC, GLB1]"
C1348,2,1,0.5,"[TRAPPC10, GLB1]"
C1349,2,1,0.5,"[FZR1, GLB1]"
C1350,2,1,0.5,"[MAP11, GLB1]"
C1351,2,1,0.5,"[DNAJB4, GLB1]"
C1352,2,1,0.5,"[TRAPPC3, GLB1]"
C1353,2,1,0.5,"[SFXN5, GLB1]"
C1354,2,1,0.5,"[KLHDC9, GLB1]"
C1355,2,1,0.5,"[TRAPPC1, GLB1]"
C1356,2,1,0.5,"[TRAPPC4, GLB1]"
C1357,2,1,0.5,"[TRAPPC6B, GLB1]"
C1358,2,1,0.5,"[KHK, GLB1]"
C1359,2,1,0.5,"[TRAPPC9, GLB1]"
C1360,2,1,0.5,"[RHOC, GLB1]"
C1361,2,1,0.5,"[NEU1, GLB1]"
C1362,2,1,0.5,"[SSTR5, CNR1]"
C1363,2,1,0.5,"[HTR2A, CNR1]"
C1364,2,1,0.5,"[GNAI1, CNR1]"
C1365,2,1,0.5,"[ADORA2A, CNR1]"
C1366,2,1,0.5,"[KNG1, PLG]"
C1367,2,1,0.5,"[F3, PLG]"
C1368,2,1,0.5,"[F10, PLG]"
C1369,2,1,0.5,"[C7, PLG]"
C1370,2,1,0.5,"[HMGB1, OCRL]"
C1371,2,1,0.5,"[LAMA1, PLG]"
C1372,2,1,0.5,"[LAMA5, PLG]"
C1373,2,1,0.5,"[MARVELD2, PLG]"
C1374,2,1,0.5,"[APOH, PLG]"
C1375,2,1,0.5,"[SPARC, PLG]"
C1376,2,1,0.5,"[GTF2H1, TXNRD2]"
C1377,2,1,0.5,"[NCOA6, TXNRD2]"
C1378,2,1,0.5,"[CYP2S1, TXNRD2]"
C1379,2,1,0.5,"[PPP1R3C, TXNRD2]"
C1380,2,1,0.5,"[PNPLA2, TXNRD2]"
C1381,2,1,0.5,"[FOXR2, TXNRD2]"
C1382,2,1,0.5,"[NCOR1, TXNRD2]"
C1383,2,1,0.5,"[MR1, CD1B]"
C1384,2,1,0.5,"[HLA-A, CD1B]"
C1385,2,1,0.5,"[QSOX2, CD1B]"
C1386,2,1,0.5,"[GHITM, CD1B]"
C1387,2,1,0.5,"[GAS6, CD1B]"
C1388,2,1,0.5,"[CHPT1, CD1B]"
C1389,2,1,0.5,"[AMIGO1, CD1B]"
C1390,2,1,0.5,"[TOR1B, CD1B]"
C1391,2,1,0.5,"[ATP2B3, CD1B]"
C1392,2,1,0.5,"[ULBP3, CD1B]"
C1393,2,1,0.5,"[NRSN2, CD1B]"
C1394,2,1,0.5,"[ITPRIP, CD1B]"
C1395,2,1,0.5,"[GALNT12, CD1B]"
C1396,2,1,0.5,"[ADAMTS2, CD1B]"
C1397,2,1,0.5,"[ADAM9, CD1B]"
C1398,2,1,0.5,"[PODXL2, CD1B]"
C1399,2,1,0.5,"[ECEL1, CD1B]"
C1400,2,1,0.5,"[TNFSF9, CD1B]"
C1401,2,1,0.5,"[DHFR2, CD1B]"
C1402,2,1,0.5,"[BTN2A2, CD1B]"
C1403,2,1,0.5,"[LRP11, CD1B]"
C1404,2,1,0.5,"[ASPHD2, CD1B]"
C1405,2,1,0.5,"[ITFG1, CD1B]"
C1406,2,1,0.5,"[PCYOX1L, CD1B]"
C1407,2,1,0.5,"[FKRP, CD1B]"
C1408,2,1,0.5,"[TGM2, CFTR]"
C1409,2,1,0.5,"[EGF, LOX]"
C1410,2,1,0.5,"[DPT, LOX]"
C1411,2,1,0.5,"[VCAN, FBN1]"
C1412,2,1,0.5,"[MFAP2, FBN1]"
C1413,2,1,0.5,"[SPHKAP, SPHK1]"
C1414,2,1,0.5,"[RPS6KC1, SPHK1]"
C1415,2,1,0.5,"[CTSB, SPHK1]"
C1416,2,1,0.5,"[PPM1G, SPHK1]"
C1417,2,1,0.5,"[DHPS, SPHK1]"
C1418,2,1,0.5,"[DCXR, SPHK1]"
C1419,2,1,0.5,"[IGF2, TF]"
C1420,2,1,0.5,"[TFR2, TF]"
C1421,2,1,0.5,"[GAST, TF]"
C1422,2,1,0.5,"[CCDC82, TF]"
C1423,2,1,0.5,"[EDIL3, TF]"
C1424,2,1,0.5,"[MATN3, TF]"
C1425,2,1,0.5,"[UTP3, TF]"
C1426,2,1,0.5,"[SYT17, TF]"
C1427,2,1,0.5,"[STPG2, TF]"
C1428,2,1,0.5,"[GDPD1, HBB]"
C1429,2,1,0.5,"[GLRA2, TF]"
C1430,2,1,0.5,"[SLC38A6, TF]"
C1431,2,1,0.5,"[SH2D4A, TF]"
C1432,2,1,0.5,"[ZBTB16, IL6]"
C1433,2,1,0.5,"[IL6ST, IL6]"
C1434,2,1,0.5,"[IL6R, IL6]"
C1435,2,1,0.5,"[TUBA3D, BCHE]"
C1436,2,1,0.5,"[SMR3B, BCHE]"
C1437,2,1,0.5,"[NOP10, BCHE]"
C1438,2,1,0.5,"[ENTPD5, BCHE]"
C1439,2,1,0.5,"[SCGB1D1, BCHE]"
C1440,2,1,0.5,"[NAF1, BCHE]"
C1441,2,1,0.5,"[SCGB1D4, BCHE]"
C1442,2,1,0.5,"[ACTN3, BCHE]"
C1443,2,1,0.5,"[DKC1, BCHE]"
C1444,2,1,0.5,"[WASL, BCHE]"
C1445,2,1,0.5,"[SHTN1, BCHE]"
C1446,2,1,0.5,"[MANEAL, BCHE]"
C1447,2,1,0.5,"[ENAH, BCHE]"
C1448,2,1,0.5,"[PALLD, BCHE]"
C1449,2,1,0.5,"[ASPH, BCHE]"
C1450,2,1,0.5,"[MARCH6, DIO2]"
C1451,2,1,0.5,"[UBE2G1, DIO2]"
C1452,2,1,0.5,"[WSB1, DIO2]"
C1453,2,1,0.5,"[DUSP3, FGB]"
C1454,2,1,0.5,"[USO1, FGB]"
C1455,2,1,0.5,"[KIAA1143, FGB]"
C1456,2,1,0.5,"[UBA1, FGB]"
C1457,2,1,0.5,"[SCRN1, FGB]"
C1458,2,1,0.5,"[TCEA1, FGB]"
C1459,2,1,0.5,"[CAB39, FGB]"
C1460,2,1,0.5,"[GCA, FGB]"
C1461,2,1,0.5,"[DDAH1, FGB]"
C1462,2,1,0.5,"[PAPOLA, FGB]"
C1463,2,1,0.5,"[GLS, FGB]"
C1464,2,1,0.5,"[ADSL, FGB]"
C1465,2,1,0.5,"[PUS7, FGB]"
C1466,2,1,0.5,"[GNAQ, FGB]"
C1467,2,1,0.5,"[HDGFL2, FGB]"
C1468,2,1,0.5,"[GTF2F1, FGB]"
C1469,2,1,0.5,"[LSM1, FGB]"
C1470,2,1,0.5,"[RPRD1A, FGB]"
C1471,2,1,0.5,"[RSL1D1, FGB]"
C1472,2,1,0.5,"[SYAP1, FGB]"
C1473,2,1,0.5,"[EIF3J, FGB]"
C1474,2,1,0.5,"[CTNNBL1, FGB]"
C1475,2,1,0.5,"[BLVRB, FGB]"
C1476,2,1,0.5,"[HSP90AA4P, FGB]"
C1477,2,1,0.5,"[EEF1A2, FGB]"
C1478,2,1,0.5,"[PIR, FGB]"
C1479,2,1,0.5,"[TBC1D24, FGB]"
C1480,2,1,0.5,"[VRK1, FGB]"
C1481,2,1,0.5,"[UBLCP1, FGB]"
C1482,2,1,0.5,"[EIF2A, FGB]"
C1483,2,1,0.5,"[DENR, FGB]"
C1484,2,1,0.5,"[GNL1, FGB]"
C1485,2,1,0.5,"[RPRD1B, FGB]"
C1486,2,1,0.5,"[SNX3, FGB]"
C1487,2,1,0.5,"[UBE2T, FGB]"
C1488,2,1,0.5,"[SBDS, FGB]"
C1489,2,1,0.5,"[SNX6, FGB]"
C1490,2,1,0.5,"[PMVK, FGB]"
C1491,2,1,0.5,"[DIS3, FGB]"
C1492,2,1,0.5,"[ADK, FGB]"
C1493,2,1,0.5,"[KIF2A, FGB]"
C1494,2,1,0.5,"[LZIC, FGB]"
C1495,2,1,0.5,"[ITPA, FGB]"
C1496,2,1,0.5,"[SLK, FGB]"
C1497,2,1,0.5,"[PYM1, FGB]"
C1498,2,1,0.5,"[GPKOW, FGB]"
C1499,2,1,0.5,"[LETM1, FGB]"
C1500,2,1,0.5,"[NAA50, FGB]"
C1501,2,1,0.5,"[ETF1, FGB]"
C1502,2,1,0.5,"[ARMT1, FGB]"
C1503,2,1,0.5,"[PBK, FGB]"
C1504,2,1,0.5,"[ARHGAP1, FGB]"
C1505,2,1,0.5,"[HMGCS1, FGB]"
C1506,2,1,0.5,"[PNPO, FGB]"
C1507,2,1,0.5,"[CTH, FGB]"
C1508,2,1,0.5,"[PCDH7, ABCG2]"
C1509,2,1,0.5,"[SYNPO, ABCG2]"
C1510,2,1,0.5,"[PIM1, ABCG2]"
C1511,2,1,0.5,"[FCER1G, GP6]"
C1512,2,1,0.5,"[LYN, GP6]"
C1513,2,1,0.5,"[ALB, CA8]"
C1514,2,1,0.5,"[SERPING1, F2]"
C1515,2,1,0.5,"[PLAT, FN1]"
C1516,2,1,0.5,"[F8, F2]"
C1517,2,1,0.5,"[SERPINA5, F2]"
C1518,2,1,0.5,"[GP1BA, F2]"
C1519,2,1,0.5,"[F2R, F2]"
C1520,2,1,0.5,"[SERPINB6, F2]"
C1521,2,1,0.5,"[F5, F2]"
C1522,2,1,0.5,"[SERPINC1, F2]"
C1523,2,1,0.5,"[SERPIND1, F2]"
C1524,2,1,0.5,"[THBD, F2]"
C1525,2,1,0.5,"[PIKFYVE, LCAT]"
C1526,2,1,0.5,"[G3BP2, DDIT3]"
C1527,2,1,0.5,"[COPS8, DDIT3]"
C1528,2,1,0.5,"[MCMBP, DDIT3]"
C1529,2,1,0.5,"[TNFSF12, DDIT3]"
C1530,2,1,0.5,"[VPS37C, DDIT3]"
C1531,2,1,0.5,"[EMSY, DDIT3]"
C1532,2,1,0.5,"[GABBR2, DDIT3]"
C1533,2,1,0.5,"[MAFG, DDIT3]"
C1534,2,1,0.5,"[FOSL1, DDIT3]"
C1535,2,1,0.5,"[G3BP1, DDIT3]"
C1536,2,1,0.5,"[MAPK14, DDIT3]"
C1537,2,1,0.5,"[JUND, DDIT3]"
C1538,2,1,0.5,"[NFE2L2, DDIT3]"
C1539,2,1,0.5,"[ATF7, DDIT3]"
C1540,2,1,0.5,"[RTL6, DDIT3]"
C1541,2,1,0.5,"[SPOP, DDIT3]"
C1542,2,1,0.5,"[FOSL2, DDIT3]"
C1543,2,1,0.5,"[ATF2, DDIT3]"
C1544,2,1,0.5,"[JUNB, DDIT3]"
C1545,2,1,0.5,"[BACH1, DDIT3]"
C1546,2,1,0.5,"[DBP, DDIT3]"
C1547,2,1,0.5,"[HLF, DDIT3]"
C1548,2,1,0.5,"[CREB3, DDIT3]"
C1549,2,1,0.5,"[NFIL3, DDIT3]"
C1550,2,1,0.5,"[CEBPE, DDIT3]"
C1551,2,1,0.5,"[BATF3, DDIT3]"
C1552,2,1,0.5,"[RPS3A, DDIT3]"
C1553,2,1,0.5,"[ATF4, DDIT3]"
C1554,2,1,0.5,"[BATF, DDIT3]"
C1555,2,1,0.5,"[CEBPG, DDIT3]"
C1556,2,1,0.5,"[JUN, DDIT3]"
C1557,2,1,0.5,"[CEBPA, DDIT3]"
C1558,2,1,0.5,"[ATF3, DDIT3]"
C1559,2,1,0.5,"[CEBPB, DDIT3]"
C1560,2,1,0.5,"[FOS, DDIT3]"
C1561,2,1,0.5,"[BOLA2, OCRL]"
C1562,2,1,0.5,"[AAMDC, OCRL]"
C1563,2,1,0.5,"[CTSG, OCRL]"
C1564,2,1,0.5,"[PCBP3, OCRL]"
C1565,2,1,0.5,"[SF3B5, OCRL]"
C1566,2,1,0.5,"[SNX33, OCRL]"
C1567,2,1,0.5,"[HIST1H2BH, OCRL]"
C1568,2,1,0.5,"[APPL1, OCRL]"
C1569,2,1,0.5,"[RAB31, OCRL]"
C1570,2,1,0.5,"[EIF3C, OCRL]"
C1571,2,1,0.5,"[HERC2, OCRL]"
C1572,2,1,0.5,"[GTSE1, OCRL]"
C1573,2,1,0.5,"[IL1R2, OCRL]"
C1574,2,1,0.5,"[INPP5B, OCRL]"
C1575,2,1,0.5,"[RAB6B, OCRL]"
C1576,2,1,0.5,"[RAB1B, OCRL]"
C1577,2,1,0.5,"[PHETA2, OCRL]"
C1578,2,1,0.5,"[RAB8A, OCRL]"
C1579,2,1,0.5,"[RAB6A, OCRL]"
C1580,2,1,0.5,"[RAB1A, OCRL]"
C1581,2,1,0.5,"[P2RX4, PIGH]"
C1582,2,1,0.5,"[ZNF550, FBLN5]"
C1583,2,1,0.5,"[TKTL2, FBLN5]"
C1584,2,1,0.5,"[DNAJC10, FBLN5]"
C1585,2,1,0.5,"[ZNF331, FBLN5]"
C1586,2,1,0.5,"[NAGK, PIGA]"
C1587,2,1,0.5,"[HS3ST2, PIGA]"
C1588,2,1,0.5,"[CD79B, PIGA]"
C1589,2,1,0.5,"[THBS2, PIGA]"
C1590,2,1,0.5,"[CCDC107, PIGA]"
C1591,2,1,0.5,"[KCNS3, PIGA]"
C1592,2,1,0.5,"[TRAF1, PIGA]"
C1593,2,1,0.5,"[EVA1C, PIGA]"
C1594,2,1,0.5,"[PMEL, PIGQ]"
C1595,2,1,0.5,"[IL17RB, PIGQ]"
C1596,2,1,0.5,"[IL17RC, PIGQ]"
C1597,2,1,0.5,"[GDPD5, PIGQ]"
C1598,2,1,0.5,"[TMCO3, PIGQ]"
C1599,2,1,0.5,"[TNFSF13B, PIGQ]"
C1600,2,1,0.5,"[SH2D3C, SLC4A7]"
C1601,2,1,0.5,"[USH1C, SLC4A7]"
C1602,2,1,0.5,"[LAMP1, SLC4A7]"
C1603,2,1,0.5,"[KRAS, SLC4A7]"
C1604,2,1,0.5,"[NRAS, SLC4A7]"
C1605,2,1,0.5,"[GPR156, SLC4A7]"
C1606,2,1,0.5,"[EPB42, SLC4A7]"
C1607,2,1,0.5,"[IZUMO1, SLC4A7]"
C1608,2,1,0.5,"[GDE1, SLC4A7]"
C1609,2,1,0.5,"[RASD2, SLC4A7]"
C1610,2,1,0.5,"[EGFL8, SLC4A7]"
C1611,2,1,0.5,"[LGALS9C, SLC4A7]"
C1612,2,1,0.5,"[FOXD4, SLC4A7]"
C1613,2,1,0.5,"[ICMT, PCCA]"
C1614,2,1,0.5,"[LAMP3, PCCA]"
C1615,2,1,0.5,"[TTC1, PCCA]"
C1616,2,1,0.5,"[RARS2, PCCA]"
C1617,2,1,0.5,"[GOLGA2, NOS3]"
C1618,2,1,0.5,"[GCDH, NOS3]"
C1619,2,1,0.5,"[GUCY1B1, NOS3]"
C1620,2,1,0.5,"[AKT1, NOS3]"
C1621,2,1,0.5,"[NOSTRIN, NOS3]"
C1622,2,1,0.5,"[SOD1, FGA]"
C1623,2,1,0.5,"[HRG, FGA]"
C1624,2,1,0.5,"[FAM20C, FGA]"
C1625,2,1,0.5,"[ABCA6, APOA1]"
C1626,2,1,0.5,"[ROBO3, APOA1]"
C1627,2,1,0.5,"[VCAM1, APOA1]"
C1628,2,1,0.5,"[SAFB2, APOA1]"
C1629,2,1,0.5,"[CD40LG, APOA1]"
C1630,2,1,0.5,"[KIAA0754, APOA1]"
C1631,2,1,0.5,"[DNTT, APOA1]"
C1632,2,1,0.5,"[CTSL, APOA1]"
C1633,2,1,0.5,"[APOC3, APOA1]"
C1634,2,1,0.5,"[C1QC, APOA1]"
C1635,2,1,0.5,"[MOCOS, APOA1]"
C1636,2,1,0.5,"[PDE4B, APOA1]"
C1637,2,1,0.5,"[SPEF2, APOA1]"
C1638,2,1,0.5,"[TXNDC2, APOA1]"
C1639,2,1,0.5,"[SERTAD3, APOA1]"
C1640,2,1,0.5,"[FAM169A, APOA1]"
C1641,2,1,0.5,"[TNS3, APOA1]"
C1642,2,1,0.5,"[FAM83C, APOA1]"
C1643,2,1,0.5,"[PTPN5, APOA1]"
C1644,2,1,0.5,"[CNMD, APOA1]"
C1645,2,1,0.5,"[NLRP1, APOA1]"
C1646,2,1,0.5,"[SETX, APOA1]"
C1647,2,1,0.5,"[KRT16, APOA1]"
C1648,2,1,0.5,"[SMPDL3A, APOA1]"
C1649,2,1,0.5,"[KRT9, APOA1]"
C1650,2,1,0.5,"[RRP1B, APOA1]"
C1651,2,1,0.5,"[NDRG1, APOA1]"
C1652,2,1,0.5,"[MAP7D1, APOA1]"
C1653,2,1,0.5,"[APOL1, APOA1]"
C1654,2,1,0.5,"[GPLD1, APOA1]"
C1655,2,1,0.5,"[SCARB1, APOA1]"
C1656,2,1,0.5,"[GOT1L1, APOA1]"
C1657,2,1,0.5,"[ZNF558, APOA1]"
C1658,2,1,0.5,"[APOA2, APOA1]"
C1659,2,1,0.5,"[APOC1, APOA1]"
C1660,2,1,0.5,"[TP63, CAD]"
C1661,2,1,0.5,"[SH3BGRL, CAD]"
C1662,2,1,0.5,"[IKBKG, CAD]"
C1663,2,1,0.5,"[TRADD, CAD]"
C1664,2,1,0.5,"[ELK1, CAD]"
C1665,2,1,0.5,"[DUSP4, CAD]"
C1666,2,1,0.5,"[TAB2, CAD]"
C1667,2,1,0.5,"[ABI1, CAD]"
C1668,2,1,0.5,"[MAP2K3, CAD]"
C1669,2,1,0.5,"[MTMR11, CAD]"
C1670,2,1,0.5,"[RIPK3, CAD]"
C1671,2,1,0.5,"[CSK, CAD]"
C1672,2,1,0.5,"[MAP3K1, CAD]"
C1673,2,1,0.5,"[VAV1, CAD]"
C1674,2,1,0.5,"[SOCS1, CAD]"
C1675,2,1,0.5,"[SRC, CAD]"
C1676,2,1,0.5,"[TNFRSF1B, CAD]"
C1677,2,1,0.5,"[FGR, CAD]"
C1678,2,1,0.5,"[SMAD2, CAD]"
C1679,2,1,0.5,"[SHC1, CAD]"
C1680,2,1,0.5,"[MAP3K3, CAD]"
C1681,2,1,0.5,"[RIN3, CAD]"
C1682,2,1,0.5,"[RELB, CAD]"
C1683,2,1,0.5,"[RELA, CAD]"
C1684,2,1,0.5,"[NFKB2, CAD]"
C1685,2,1,0.5,"[SPRTN, CAD]"
C1686,2,1,0.5,"[YAP1, CAD]"
C1687,2,1,0.5,"[RC3H1, CAD]"
C1688,2,1,0.5,"[PPP5C, CAD]"
C1689,2,1,0.5,"[SUMO1, CAD]"
C1690,2,1,0.5,"[SUMO2, CAD]"
C1691,2,1,0.5,"[MEX3C, CAD]"
C1692,2,1,0.5,"[TUBA1A, CAD]"
C1693,2,1,0.5,"[WDR76, CAD]"
C1694,2,1,0.5,"[GRB10, CAD]"
C1695,2,1,0.5,"[UBR5, CAD]"
C1696,2,1,0.5,"[DNAJC7, CAD]"
C1697,2,1,0.5,"[MAP3K14, CAD]"
C1698,2,1,0.5,"[XRCC3, PC]"
C1699,2,1,0.5,"[EPHA7, PC]"
C1700,2,1,0.5,"[TPSB2, PC]"
C1701,2,1,0.5,"[PTPN9, PC]"
C1702,2,1,0.5,"[ME1, PC]"
C1703,2,1,0.5,"[ANTXR1, PC]"
C1704,2,1,0.5,"[HSD3B2, PC]"
C1705,2,1,0.5,"[ASS1, PC]"
C1706,2,1,0.5,"[BPNT1, PC]"
C1707,2,1,0.5,"[CBWD1, PC]"
C1708,2,1,0.5,"[NUP50, ACACA]"
C1709,2,1,0.5,"[ARRB1, ACACA]"
C1710,2,1,0.5,"[PSMB7, ACACA]"
C1711,2,1,0.5,"[RIOK2, ACACA]"
C1712,2,1,0.5,"[PPP4R3A, ACACA]"
C1713,2,1,0.5,"[PHKG2, ACACA]"
C1714,2,1,0.5,"[C15orf48, ACACA]"
C1715,2,1,0.5,"[STK3, ACACA]"
C1716,2,1,0.5,"[EPB41L1, ACACA]"
C1717,2,1,0.5,"[DCAF6, ACACA]"
C1718,2,1,0.5,"[PRKAR1A, ACACA]"
C1719,2,1,0.5,"[EEF2K, ACACA]"
C1720,2,1,0.5,"[SH3GL3, ACACA]"
C1721,2,1,0.5,"[CHGB, ACACA]"
C1722,2,1,0.5,"[SGCZ, ACACA]"
C1723,2,1,0.5,"[AKR1B10, ACACA]"
C1724,2,1,0.5,"[PRKAA2, ACACA]"
C1725,2,1,0.5,"[FNDC11, ACACA]"
C1726,2,1,0.5,"[OAS2, ACACA]"
C1727,2,1,0.5,"[COPB1, CFTR]"
C1728,2,1,0.5,"[GRK2, ACACA]"
C1729,2,1,0.5,"[RPS6KA1, ACACA]"
C1730,2,1,0.5,"[BRCA1, ACACA]"
C1731,2,1,0.5,"[FH, PYGL]"
C1732,2,1,0.5,"[TRNT1, PYGL]"
C1733,2,1,0.5,"[H2AFZ, PYGL]"
C1734,2,1,0.5,"[FKBP5, PYGL]"
C1735,2,1,0.5,"[PSMD9, PYGL]"
C1736,2,1,0.5,"[RAD23A, PYGL]"
C1737,2,1,0.5,"[MC1R, PYGL]"
C1738,2,1,0.5,"[TBCE, PYGL]"
C1739,2,1,0.5,"[HK2, PYGL]"
C1740,2,1,0.5,"[NTF3, PYGL]"
C1741,2,1,0.5,"[DCAF4L2, PYGL]"
C1742,2,1,0.5,"[PSMD1, PTGS2]"
C1743,2,1,0.5,"[RBX1, PTGS2]"
C1744,2,1,0.5,"[COPS7A, PTGS2]"
C1745,2,1,0.5,"[NUCB1, PTGS2]"
C1746,2,1,0.5,"[DCUN1D1, PCBD1]"
C1747,2,1,0.5,"[DVL2, PCBD1]"
C1748,2,1,0.5,"[NIF3L1, PCBD1]"
C1749,2,1,0.5,"[NUDT18, PCBD1]"
C1750,2,1,0.5,"[TFF3, PCBD1]"
C1751,2,1,0.5,"[GORASP2, PCBD1]"
C1752,2,1,0.5,"[FXR2, PCBD1]"
C1753,2,1,0.5,"[ACIN1, PCBD1]"
C1754,2,1,0.5,"[PCBD2, PCBD1]"
C1755,2,1,0.5,"[HNF1B, PCBD1]"
C1756,2,1,0.5,"[HNF1A, PCBD1]"
C1757,2,1,0.5,"[SPSB4, NOS2]"
C1758,2,1,0.5,"[RAC2, NOS2]"
C1759,2,1,0.5,"[SPSB1, NOS2]"
C1760,2,1,0.5,"[UCHL5, NOS2]"
C1761,2,1,0.5,"[SPSB2, NOS2]"
C1762,2,1,0.5,"[BDKRB2, NOS1]"
C1763,2,1,0.5,"[PTPN6, NOS1]"
C1764,2,1,0.5,"[RASD1, NOS1]"
C1765,2,1,0.5,"[SYN1, NOS1]"
C1766,2,1,0.5,"[PRKD1, NOS1]"
C1767,2,1,0.5,"[ZDHHC23, NOS1]"
C1768,2,1,0.5,"[VAC14, NOS1]"
C1769,2,1,0.5,"[NOS1AP, NOS1]"
C1770,2,1,0.5,"[CDSN, CA8]"
C1771,2,1,0.5,"[SPDL1, CA8]"
C1772,2,1,0.5,"[GGA2, CA8]"
C1773,2,1,0.5,"[CRX, CA8]"
C1774,2,1,0.5,"[PKP1, CA8]"
C1775,2,1,0.5,"[MAGED1, CA8]"
C1776,2,1,0.5,"[C3, CA8]"
C1777,2,1,0.5,"[ECM1, CA8]"
C1778,2,1,0.5,"[CST6, CA8]"
C1779,2,1,0.5,"[IGHG3, CA8]"
C1780,2,1,0.5,"[ITPR2, CA8]"
C1781,2,1,0.5,"[SERPINB2, CA8]"
C1782,2,1,0.5,"[KLK7, CA8]"
C1783,2,1,0.5,"[IGLL5, CA8]"
C1784,2,1,0.5,"[IGHG1, CA8]"
C1785,2,1,0.5,"[POF1B, CA8]"
C1786,2,1,0.5,"[ITPR1, CA8]"
C1787,2,1,0.5,"[ULBP2, PIGK]"
C1788,2,1,0.5,"[ALPP, PIGK]"
C1789,2,1,0.5,"[GNRHR, GPAA1]"
C1790,2,1,0.5,"[PIN1, GPAA1]"
C1791,2,1,0.5,"[KCNK16, GPAA1]"
C1792,2,1,0.5,"[GABRG2, GPAA1]"
C1793,2,1,0.5,"[PTP4A2, GPAA1]"
C1794,2,1,0.5,"[MOXD1, GPAA1]"
C1795,2,1,0.5,"[TREH, GPAA1]"
C1796,2,1,0.5,"[TCTN3, GPAA1]"
C1797,2,1,0.5,"[ZACN, GPAA1]"
C1798,2,1,0.5,"[TOR1AIP1, PIGT]"
C1799,2,1,0.5,"[POGLUT1, PIGT]"
C1800,2,1,0.5,"[BORA, PIGT]"
C1801,2,1,0.5,"[EGFL7, PIGT]"
C1802,2,1,0.5,"[GID4, PIGT]"
C1803,2,1,0.5,"[HOXC9, PIGT]"
C1804,2,1,0.5,"[ZMYND19, PIGT]"
C1805,2,1,0.5,"[RMND5B, PIGT]"
C1806,2,1,0.5,"[RMND5A, PIGT]"
C1807,2,1,0.5,"[RANBP10, PIGT]"
C1808,2,1,0.5,"[ARMC8, PIGT]"
C1809,2,1,0.5,"[MAEA, PIGT]"
C1810,2,1,0.5,"[WDR26, PIGT]"
C1811,2,1,0.5,"[TNIP1, PIGT]"
C1812,2,1,0.5,"[RANBP9, PIGT]"
C1813,2,1,0.5,"[CEP85L, PIGT]"
C1814,2,1,0.5,"[N4BP2L2, PIGT]"
C1815,2,1,0.5,"[ANKRD40, PIGT]"
C1816,2,1,0.5,"[FAM136A, PIGT]"
C1817,2,1,0.5,"[RYR2, CFTR]"
C1818,2,1,0.5,"[RYK, CFTR]"
C1819,2,1,0.5,"[PLEKHA6, CFTR]"
C1820,2,1,0.5,"[TIAM1, CFTR]"
C1821,2,1,0.5,"[SQOR, CFTR]"
C1822,2,1,0.5,"[CAPN1, CFTR]"
C1823,2,1,0.5,"[TRIP12, CFTR]"
C1824,2,1,0.5,"[GNA11, CFTR]"
C1825,2,1,0.5,"[MUC13, CFTR]"
C1826,2,1,0.5,"[ADCY8, CFTR]"
C1827,2,1,0.5,"[REPS1, CFTR]"
C1828,2,1,0.5,"[THEM6, CFTR]"
C1829,2,1,0.5,"[LGALS4, CFTR]"
C1830,2,1,0.5,"[MS4A5, CFTR]"
C1831,2,1,0.5,"[KCNJ1, CFTR]"
C1832,2,1,0.5,"[IL1RAPL1, CFTR]"
C1833,2,1,0.5,"[EPS8, CFTR]"
C1834,2,1,0.5,"[SEC61A2, CFTR]"
C1835,2,1,0.5,"[B3GNT9, CFTR]"
C1836,2,1,0.5,"[HSPA1L, CFTR]"
C1837,2,1,0.5,"[CEP170, CFTR]"
C1838,2,1,0.5,"[TJP3, CFTR]"
C1839,2,1,0.5,"[CLCA1, CFTR]"
C1840,2,1,0.5,"[SH3BGRL2, CFTR]"
C1841,2,1,0.5,"[PSAP, CFTR]"
C1842,2,1,0.5,"[HSPH1, CFTR]"
C1843,2,1,0.5,"[TNPO3, CFTR]"
C1844,2,1,0.5,"[ATP2A1, CFTR]"
C1845,2,1,0.5,"[ERLIN1, CFTR]"
C1846,2,1,0.5,"[RANBP1, CFTR]"
C1847,2,1,0.5,"[PSMB4, CFTR]"
C1848,2,1,0.5,"[HSPA4, CFTR]"
C1849,2,1,0.5,"[CLCN3, CFTR]"
C1850,2,1,0.5,"[SLC26A9, CFTR]"
C1851,2,1,0.5,"[KCNN4, CFTR]"
C1852,2,1,0.5,"[KRT8, CFTR]"
C1853,2,1,0.5,"[HNRNPL, CFTR]"
C1854,2,1,0.5,"[FBL, CFTR]"
C1855,2,1,0.5,"[MVP, CFTR]"
C1856,2,1,0.5,"[GPRC5A, CFTR]"
C1857,2,1,0.5,"[ARL1, CFTR]"
C1858,2,1,0.5,"[BSG, CFTR]"
C1859,2,1,0.5,"[PPP1R12A, CFTR]"
C1860,2,1,0.5,"[TPM1, CFTR]"
C1861,2,1,0.5,"[MYO1B, CFTR]"
C1862,2,1,0.5,"[RASEF, CFTR]"
C1863,2,1,0.5,"[LIMCH1, CFTR]"
C1864,2,1,0.5,"[EPPK1, CFTR]"
C1865,2,1,0.5,"[EHD1, CFTR]"
C1866,2,1,0.5,"[DARS, CFTR]"
C1867,2,1,0.5,"[MYH14, CFTR]"
C1868,2,1,0.5,"[GANAB, CFTR]"
C1869,2,1,0.5,"[SPTAN1, CFTR]"
C1870,2,1,0.5,"[RPL34, CFTR]"
C1871,2,1,0.5,"[HSPE1, CFTR]"
C1872,2,1,0.5,"[MYO1D, CFTR]"
C1873,2,1,0.5,"[CYSRT1, CFTR]"
C1874,2,1,0.5,"[TPM4, CFTR]"
C1875,2,1,0.5,"[PPA1, CFTR]"
C1876,2,1,0.5,"[MEST, CFTR]"
C1877,2,1,0.5,"[RPS29, CFTR]"
C1878,2,1,0.5,"[GNB2, CFTR]"
C1879,2,1,0.5,"[C1orf35, CFTR]"
C1880,2,1,0.5,"[SPECC1L, CFTR]"
C1881,2,1,0.5,"[ARPC1B, CFTR]"
C1882,2,1,0.5,"[MYL9, CFTR]"
C1883,2,1,0.5,"[MYO1C, CFTR]"
C1884,2,1,0.5,"[RPS13, CFTR]"
C1885,2,1,0.5,"[GDI1, CFTR]"
C1886,2,1,0.5,"[ACTR2, CFTR]"
C1887,2,1,0.5,"[GNB1, CFTR]"
C1888,2,1,0.5,"[HNRNPH1, CFTR]"
C1889,2,1,0.5,"[SLC25A10, CFTR]"
C1890,2,1,0.5,"[ARPC2, CFTR]"
C1891,2,1,0.5,"[TECR, CFTR]"
C1892,2,1,0.5,"[CBR1, CFTR]"
C1893,2,1,0.5,"[ACSL3, CFTR]"
C1894,2,1,0.5,"[EIF6, CFTR]"
C1895,2,1,0.5,"[RRBP1, CFTR]"
C1896,2,1,0.5,"[SLC25A11, CFTR]"
C1897,2,1,0.5,"[MYH11, CFTR]"
C1898,2,1,0.5,"[PLEC, CFTR]"
C1899,2,1,0.5,"[KLHL22, CFTR]"
C1900,2,1,0.5,"[SFPQ, CFTR]"
C1901,2,1,0.5,"[H1FX, CFTR]"
C1902,2,1,0.5,"[MYO18A, CFTR]"
C1903,2,1,0.5,"[MYO1G, CFTR]"
C1904,2,1,0.5,"[MAT2A, CFTR]"
C1905,2,1,0.5,"[POTEJ, CFTR]"
C1906,2,1,0.5,"[PARK7, CFTR]"
C1907,2,1,0.5,"[MARCKS, CFTR]"
C1908,2,1,0.5,"[HNRNPM, CFTR]"
C1909,2,1,0.5,"[P4HB, CFTR]"
C1910,2,1,0.5,"[PSMD12, CFTR]"
C1911,2,1,0.5,"[ITGA3, CFTR]"
C1912,2,1,0.5,"[UNC45A, CFTR]"
C1913,2,1,0.5,"[CTBP2, CFTR]"
C1914,2,1,0.5,"[DOCK7, CFTR]"
C1915,2,1,0.5,"[CCN1, CFTR]"
C1916,2,1,0.5,"[DAZAP1, CFTR]"
C1917,2,1,0.5,"[PAWR, CFTR]"
C1918,2,1,0.5,"[CASP14, CFTR]"
C1919,2,1,0.5,"[HNRNPA2B1, CFTR]"
C1920,2,1,0.5,"[MARCH2, CFTR]"
C1921,2,1,0.5,"[SAMHD1, CFTR]"
C1922,2,1,0.5,"[IGF2BP2, CFTR]"
C1923,2,1,0.5,"[ANXA3, CFTR]"
C1924,2,1,0.5,"[SFN, CFTR]"
C1925,2,1,0.5,"[DCTN4, CFTR]"
C1926,2,1,0.5,"[RPL3, CFTR]"
C1927,2,1,0.5,"[NSUN2, CFTR]"
C1928,2,1,0.5,"[PTBP1, CFTR]"
C1929,2,1,0.5,"[MIF, CFTR]"
C1930,2,1,0.5,"[RBM39, CFTR]"
C1931,2,1,0.5,"[PSMC1, CFTR]"
C1932,2,1,0.5,"[NAMPT, CFTR]"
C1933,2,1,0.5,"[ARPC5L, CFTR]"
C1934,2,1,0.5,"[PGAM1, CFTR]"
C1935,2,1,0.5,"[TPI1, CFTR]"
C1936,2,1,0.5,"[CAPZA2, CFTR]"
C1937,2,1,0.5,"[MTHFD1, CFTR]"
C1938,2,1,0.5,"[EEF1G, CFTR]"
C1939,2,1,0.5,"[COPA, CFTR]"
C1940,2,1,0.5,"[ACTN1, CFTR]"
C1941,2,1,0.5,"[MCM7, CFTR]"
C1942,2,1,0.5,"[RPLP0, CFTR]"
C1943,2,1,0.5,"[ITCH, CFTR]"
C1944,2,1,0.5,"[SF3B3, CFTR]"
C1945,2,1,0.5,"[MYL12A, CFTR]"
C1946,2,1,0.5,"[GLO1, CFTR]"
C1947,2,1,0.5,"[ARPC1A, CFTR]"
C1948,2,1,0.5,"[TPM2, CFTR]"
C1949,2,1,0.5,"[PCBP2, CFTR]"
C1950,2,1,0.5,"[MPRIP, CFTR]"
C1951,2,1,0.5,"[RPLP1, CFTR]"
C1952,2,1,0.5,"[MYO6, CFTR]"
C1953,2,1,0.5,"[NPEPPS, CFTR]"
C1954,2,1,0.5,"[PPP2R2A, CFTR]"
C1955,2,1,0.5,"[IPO9, CFTR]"
C1956,2,1,0.5,"[PSMC4, CFTR]"
C1957,2,1,0.5,"[NEDD4, CFTR]"
C1958,2,1,0.5,"[EEA1, CFTR]"
C1959,2,1,0.5,"[VTN, CFTR]"
C1960,2,1,0.5,"[DCTN1, CFTR]"
C1961,2,1,0.5,"[ERBIN, CFTR]"
C1962,2,1,0.5,"[GRPEL1, CFTR]"
C1963,2,1,0.5,"[RCN1, CFTR]"
C1964,2,1,0.5,"[FASN, CFTR]"
C1965,2,1,0.5,"[HAX1, CFTR]"
C1966,2,1,0.5,"[EXOC4, CFTR]"
C1967,2,1,0.5,"[SEPT11, CFTR]"
C1968,2,1,0.5,"[DPM1, CFTR]"
C1969,2,1,0.5,"[FLG2, CFTR]"
C1970,2,1,0.5,"[IMMT, CFTR]"
C1971,2,1,0.5,"[ATAD3A, CFTR]"
C1972,2,1,0.5,"[DSC1, CFTR]"
C1973,2,1,0.5,"[STOML2, CFTR]"
C1974,2,1,0.5,"[ACSL4, CFTR]"
C1975,2,1,0.5,"[SFXN3, CFTR]"
C1976,2,1,0.5,"[KPRP, CFTR]"
C1977,2,1,0.5,"[LMNB2, CFTR]"
C1978,2,1,0.5,"[CALML3, CFTR]"
C1979,2,1,0.5,"[ITGB4, CFTR]"
C1980,2,1,0.5,"[EPCAM, CFTR]"
C1981,2,1,0.5,"[COPB2, CFTR]"
C1982,2,1,0.5,"[LAMB3, CFTR]"
C1983,2,1,0.5,"[AP1B1, CFTR]"
C1984,2,1,0.5,"[SLC25A3, CFTR]"
C1985,2,1,0.5,"[DBNL, CFTR]"
C1986,2,1,0.5,"[FKBP8, CFTR]"
C1987,2,1,0.5,"[BAG3, CFTR]"
C1988,2,1,0.5,"[PABPC4, CFTR]"
C1989,2,1,0.5,"[ARL6IP4, CFTR]"
C1990,2,1,0.5,"[TARDBP, CFTR]"
C1991,2,1,0.5,"[PSMD7, CFTR]"
C1992,2,1,0.5,"[CAPNS1, CFTR]"
C1993,2,1,0.5,"[TUBG2, CFTR]"
C1994,2,1,0.5,"[CLTCL1, CFTR]"
C1995,2,1,0.5,"[ARF4, CFTR]"
C1996,2,1,0.5,"[IPO7, CFTR]"
C1997,2,1,0.5,"[EIF3A, CFTR]"
C1998,2,1,0.5,"[RDX, CFTR]"
C1999,2,1,0.5,"[USP9X, CFTR]"
C2000,2,1,0.5,"[PSMA3, CFTR]"
C2001,2,1,0.5,"[ARCN1, CFTR]"
C2002,2,1,0.5,"[USP10, CFTR]"
C2003,2,1,0.5,"[AMFR, CFTR]"
C2004,2,1,0.5,"[BCR, CFTR]"
C2005,2,1,0.5,"[SVIL, CFTR]"
C2006,2,1,0.5,"[CSTB, CFTR]"
C2007,2,1,0.5,"[CSE1L, CFTR]"
C2008,2,1,0.5,"[HSP90AB1, CFTR]"
C2009,2,1,0.5,"[DERL1, CFTR]"
C2010,2,1,0.5,"[PPP2R1B, CFTR]"
C2011,2,1,0.5,"[SDHA, CFTR]"
C2012,2,1,0.5,"[ACTR1A, CFTR]"
C2013,2,1,0.5,"[LMO7, CFTR]"
C2014,2,1,0.5,"[XPNPEP3, CFTR]"
C2015,2,1,0.5,"[COPG1, CFTR]"
C2016,2,1,0.5,"[FAF2, CFTR]"
C2017,2,1,0.5,"[TRIM21, CFTR]"
C2018,2,1,0.5,"[CAPN2, CFTR]"
C2019,2,1,0.5,"[RPL32, CFTR]"
C2020,2,1,0.5,"[LMNB1, CFTR]"
C2021,2,1,0.5,"[TMOD3, CFTR]"
C2022,2,1,0.5,"[CTPS1, CFTR]"
C2023,2,1,0.5,"[CLIC1, CFTR]"
C2024,2,1,0.5,"[RAN, CFTR]"
C2025,2,1,0.5,"[SEC61A1, CFTR]"
C2026,2,1,0.5,"[HACD3, CFTR]"
C2027,2,1,0.5,"[PRKDC, CFTR]"
C2028,2,1,0.5,"[UBR4, CFTR]"
C2029,2,1,0.5,"[AIMP1, CFTR]"
C2030,2,1,0.5,"[LIMA1, CFTR]"
C2031,2,1,0.5,"[MARS, CFTR]"
C2032,2,1,0.5,"[EPRS, CFTR]"
C2033,2,1,0.5,"[TAGLN2, CFTR]"
C2034,2,1,0.5,"[TMEM33, CFTR]"
C2035,2,1,0.5,"[HSPA9, CFTR]"
C2036,2,1,0.5,"[PRDX2, CFTR]"
C2037,2,1,0.5,"[RCN2, CFTR]"
C2038,2,1,0.5,"[VCP, CFTR]"
C2039,2,1,0.5,"[DSTN, CFTR]"
C2040,2,1,0.5,"[PRDX1, CFTR]"
C2041,2,1,0.5,"[FLII, CFTR]"
C2042,2,1,0.5,"[PCMT1, CFTR]"
C2043,2,1,0.5,"[KLHDC10, CFTR]"
C2044,2,1,0.5,"[PDIA4, CFTR]"
C2045,2,1,0.5,"[PDCD6, CFTR]"
C2046,2,1,0.5,"[VPS4A, CFTR]"
C2047,2,1,0.5,"[ATXN2L, CFTR]"
C2048,2,1,0.5,"[SQSTM1, CFTR]"
C2049,2,1,0.5,"[HSPA2, CFTR]"
C2050,2,1,0.5,"[PDZD3, CFTR]"
C2051,2,1,0.5,"[CD59, CFTR]"
C2052,2,1,0.5,"[STX1A, CFTR]"
C2053,2,1,0.5,"[PSMD2, CFTR]"
C2054,2,1,0.5,"[RNF5, CFTR]"
C2055,2,1,0.5,"[ELOC, CFTR]"
C2056,2,1,0.5,"[ELOB, CFTR]"
C2057,2,1,0.5,"[DNAJC5, CFTR]"
C2058,2,1,0.5,"[DNAJA1, CFTR]"
C2059,2,1,0.5,"[CALU, CFTR]"
C2060,2,1,0.5,"[GOPC, CFTR]"
C2061,2,1,0.5,"[ARHGEF6, HBB]"
C2062,2,1,0.5,"[GK, HBB]"
C2063,2,1,0.5,"[MKI67, HBB]"
C2064,2,1,0.5,"[DMWD, HBB]"
C2065,2,1,0.5,"[PNPLA1, HBB]"
C2066,2,1,0.5,"[BMP5, HBB]"
C2067,2,1,0.5,"[PNKP, HBB]"
C2068,2,1,0.5,"[DHRS2, HBB]"
C2069,2,1,0.5,"[FAM234B, HBB]"
C2070,2,1,0.5,"[PLXNB1, HBB]"
C2071,2,1,0.5,"[GRID1, HBB]"
C2072,2,1,0.5,"[SEMG2, HBB]"
C2073,2,1,0.5,"[MDM4, HBB]"
C2074,2,1,0.5,"[SLC2A14, HBB]"
C2075,2,1,0.5,"[GSTT1, HBB]"
C2076,2,1,0.5,"[MSL2, HBB]"
C2077,2,1,0.5,"[TMEM92, HBB]"
C2078,2,1,0.5,"[CYTIP, HBB]"
C2079,2,1,0.5,"[DACH1, HBB]"
C2080,2,1,0.5,"[NDUFAF5, HBB]"
C2081,2,1,0.5,"[AGA, HBB]"
C2082,2,1,0.5,"[JOSD2, HBB]"
C2083,2,1,0.5,"[PGPEP1, HBB]"
C2084,2,1,0.5,"[MGAT4B, HBB]"
C2085,2,1,0.5,"[HBZ, HBB]"
C2086,2,1,0.5,"[NLN, DYNLL1]"
C2087,2,1,0.5,"[FOPNL, DYNLL1]"
C2088,2,1,0.5,"[RPS2, DYNLL1]"
C2089,2,1,0.5,"[CCDC18, DYNLL1]"
C2090,2,1,0.5,"[WWC1, DYNLL1]"
C2091,2,1,0.5,"[CEP131, DYNLL1]"
C2092,2,1,0.5,"[MIB1, DYNLL1]"
C2093,2,1,0.5,"[RPS21, DYNLL1]"
C2094,2,1,0.5,"[SSX2IP, DYNLL1]"
C2095,2,1,0.5,"[SFMBT1, DYNLL1]"
C2096,2,1,0.5,"[EPB41L3, DYNLL1]"
C2097,2,1,0.5,"[SHMT2, DYNLL1]"
C2098,2,1,0.5,"[CCDC77, DYNLL1]"
C2099,2,1,0.5,"[RPSA, DYNLL1]"
C2100,2,1,0.5,"[NF2, DYNLL1]"
C2101,2,1,0.5,"[DYNLT1, DYNLL1]"
C2102,2,1,0.5,"[PHLDB2, DYNLL1]"
C2103,2,1,0.5,"[PRKACA, DYNLL1]"
C2104,2,1,0.5,"[BCL2, DYNLL1]"
C2105,2,1,0.5,"[KIF21A, DYNLL1]"
C2106,2,1,0.5,"[RNF214, DYNLL1]"
C2107,2,1,0.5,"[TSNAX, DYNLL1]"
C2108,2,1,0.5,"[PPFIBP1, DYNLL1]"
C2109,2,1,0.5,"[JUP, DYNLL1]"
C2110,2,1,0.5,"[SHANK2, DYNLL1]"
C2111,2,1,0.5,"[DZANK1, DYNLL1]"
C2112,2,1,0.5,"[STK26, DYNLL1]"
C2113,2,1,0.5,"[CEP72, DYNLL1]"
C2114,2,1,0.5,"[DDHD1, DYNLL1]"
C2115,2,1,0.5,"[N4BP3, DYNLL1]"
C2116,2,1,0.5,"[CBX1, DYNLL1]"
C2117,2,1,0.5,"[FAU, DYNLL1]"
C2118,2,1,0.5,"[DIABLO, DYNLL1]"
C2119,2,1,0.5,"[LCA5, DYNLL1]"
C2120,2,1,0.5,"[FKBP3, DYNLL1]"
C2121,2,1,0.5,"[WDR90, DYNLL1]"
C2122,2,1,0.5,"[DCAF7, DYNLL1]"
C2123,2,1,0.5,"[S100A4, DYNLL1]"
C2124,2,1,0.5,"[RPS5, DYNLL1]"
C2125,2,1,0.5,"[RGS2, DYNLL1]"
C2126,2,1,0.5,"[AMOTL1, DYNLL1]"
C2127,2,1,0.5,"[SMCP, DYNLL1]"
C2128,2,1,0.5,"[ZNF710, DYNLL1]"
C2129,2,1,0.5,"[CCDC36, DYNLL1]"
C2130,2,1,0.5,"[FAM153A, DYNLL1]"
C2131,2,1,0.5,"[NTRK2, DYNLL1]"
C2132,2,1,0.5,"[PKIG, DYNLL1]"
C2133,2,1,0.5,"[PKIA, DYNLL1]"
C2134,2,1,0.5,"[TRAF3IP3, DYNLL1]"
C2135,2,1,0.5,"[ASF1B, DYNLL1]"
C2136,2,1,0.5,"[SNCG, DYNLL1]"
C2137,2,1,0.5,"[WDR60, DYNLL1]"
C2138,2,1,0.5,"[GCOM1, DYNLL1]"
C2139,2,1,0.5,"[NFKBIA, DYNLL1]"
C2140,2,1,0.5,"[KNSTRN, DYNLL1]"
C2141,2,1,0.5,"[SECISBP2L, DYNLL1]"
C2142,2,1,0.5,"[TRPS1, DYNLL1]"
C2143,2,1,0.5,"[NDEL1, DYNLL1]"
C2144,2,1,0.5,"[ZMYM3, DYNLL1]"
C2145,2,1,0.5,"[ZMYM2, DYNLL1]"
C2146,2,1,0.5,"[GOLGB1, DYNLL1]"
C2147,2,1,0.5,"[CEP152, DYNLL1]"
C2148,2,1,0.5,"[STRN3, DYNLL1]"
C2149,2,1,0.5,"[SPAG5, DYNLL1]"
C2150,2,1,0.5,"[FBXO30, DYNLL1]"
C2151,2,1,0.5,"[BCL2L1, DYNLL1]"
C2152,2,1,0.5,"[LRFN4, DYNLL1]"
C2153,2,1,0.5,"[UHRF1BP1L, DYNLL1]"
C2154,2,1,0.5,"[AKAP9, DYNLL1]"
C2155,2,1,0.5,"[DNAL4, DYNLL1]"
C2156,2,1,0.5,"[RHEX, DYNLL1]"
C2157,2,1,0.5,"[MTCL1, DYNLL1]"
C2158,2,1,0.5,"[WDR34, DYNLL1]"
C2159,2,1,0.5,"[SOGA1, DYNLL1]"
C2160,2,1,0.5,"[CDK5RAP2, DYNLL1]"
C2161,2,1,0.5,"[KANK1, DYNLL1]"
C2162,2,1,0.5,"[TCTEX1D2, DYNLL1]"
C2163,2,1,0.5,"[HMBOX1, DYNLL1]"
C2164,2,1,0.5,"[DYNC1LI1, DYNLL1]"
C2165,2,1,0.5,"[GLCCI1, DYNLL1]"
C2166,2,1,0.5,"[CTTNBP2NL, DYNLL1]"
C2167,2,1,0.5,"[XIAP, DYNLL1]"
C2168,2,1,0.5,"[ADNP, DYNLL1]"
C2169,2,1,0.5,"[FBXO38, DYNLL1]"
C2170,2,1,0.5,"[EML3, DYNLL1]"
C2171,2,1,0.5,"[DYRK1A, DYNLL1]"
C2172,2,1,0.5,"[STRN, DYNLL1]"
C2173,2,1,0.5,"[FAM83D, DYNLL1]"
C2174,2,1,0.5,"[NRF1, DYNLL1]"
C2175,2,1,0.5,"[STK24, DYNLL1]"
C2176,2,1,0.5,"[NEK7, DYNLL1]"
C2177,2,1,0.5,"[TLK1, DYNLL1]"
C2178,2,1,0.5,"[MTPAP, DYNLL1]"
C2179,2,1,0.5,"[DYNLRB1, DYNLL1]"
C2180,2,1,0.5,"[ZMYM4, DYNLL1]"
C2181,2,1,0.5,"[AMOTL2, DYNLL1]"
C2182,2,1,0.5,"[STRN4, DYNLL1]"
C2183,2,1,0.5,"[PRKACB, DYNLL1]"
C2184,2,1,0.5,"[CIZ1, DYNLL1]"
C2185,2,1,0.5,"[NEK6, DYNLL1]"
C2186,2,1,0.5,"[AMBRA1, DYNLL1]"
C2187,2,1,0.5,"[MOB4, DYNLL1]"
C2188,2,1,0.5,"[DYNC1LI2, DYNLL1]"
C2189,2,1,0.5,"[MORC3, DYNLL1]"
C2190,2,1,0.5,"[BCAS1, DYNLL1]"
C2191,2,1,0.5,"[BMF, DYNLL1]"
C2192,2,1,0.5,"[TLK2, DYNLL1]"
C2193,2,1,0.5,"[OFD1, DYNLL1]"
C2194,2,1,0.5,"[AMOT, DYNLL1]"
C2195,2,1,0.5,"[MYO5A, DYNLL1]"
C2196,2,1,0.5,"[DYNLL2, DYNLL1]"
C2197,2,1,0.5,"[FAM117B, DYNLL1]"
C2198,2,1,0.5,"[DYNC1I2, DYNLL1]"
C2199,2,1,0.5,"[TP53BP1, DYNLL1]"
C2200,2,1,0.5,"[DYNC1I1, DYNLL1]"
C2201,2,1,0.5,"[DLGAP1, DYNLL1]"
C2202,2,1,0.5,"[BCL2L11, DYNLL1]"
C2203,2,1,0.5,"[SIPA1, FN1]"
C2204,2,1,0.5,"[LRRC59, FN1]"
C2205,2,1,0.5,"[MRPS28, FN1]"
C2206,2,1,0.5,"[DDX18, FN1]"
C2207,2,1,0.5,"[NAPA, FN1]"
C2208,2,1,0.5,"[PDLIM5, FN1]"
C2209,2,1,0.5,"[BROX, FN1]"
C2210,2,1,0.5,"[G6PD, FN1]"
C2211,2,1,0.5,"[SET, FN1]"
C2212,2,1,0.5,"[POLR1C, FN1]"
C2213,2,1,0.5,"[PRPF19, FN1]"
C2214,2,1,0.5,"[SH3GLB1, FN1]"
C2215,2,1,0.5,"[KRT5, FN1]"
C2216,2,1,0.5,"[SSB, FN1]"
C2217,2,1,0.5,"[ECPAS, FN1]"
C2218,2,1,0.5,"[RPL31, FN1]"
C2219,2,1,0.5,"[DLD, FN1]"
C2220,2,1,0.5,"[PDHB, FN1]"
C2221,2,1,0.5,"[RAB10, FN1]"
C2222,2,1,0.5,"[ACOT13, FN1]"
C2223,2,1,0.5,"[SYMPK, FN1]"
C2224,2,1,0.5,"[RPL35, FN1]"
C2225,2,1,0.5,"[EIF4H, FN1]"
C2226,2,1,0.5,"[RTCB, FN1]"
C2227,2,1,0.5,"[GSTO1, FN1]"
C2228,2,1,0.5,"[ALDH1B1, FN1]"
C2229,2,1,0.5,"[MPP1, FN1]"
C2230,2,1,0.5,"[MSN, FN1]"
C2231,2,1,0.5,"[EIF3F, FN1]"
C2232,2,1,0.5,"[RTRAF, FN1]"
C2233,2,1,0.5,"[RCC2, FN1]"
C2234,2,1,0.5,"[ARL2, FN1]"
C2235,2,1,0.5,"[UBE2M, FN1]"
C2236,2,1,0.5,"[PSMD13, FN1]"
C2237,2,1,0.5,"[APOBEC3C, FN1]"
C2238,2,1,0.5,"[TTN, FN1]"
C2239,2,1,0.5,"[KRT10, FN1]"
C2240,2,1,0.5,"[MCM2, FN1]"
C2241,2,1,0.5,"[PGK1, FN1]"
C2242,2,1,0.5,"[CLIC5, FN1]"
C2243,2,1,0.5,"[HIF1A, FN1]"
C2244,2,1,0.5,"[LCP1, FN1]"
C2245,2,1,0.5,"[RCC1, FN1]"
C2246,2,1,0.5,"[SEPT9, FN1]"
C2247,2,1,0.5,"[NDUFA9, FN1]"
C2248,2,1,0.5,"[COL5A1, FN1]"
C2249,2,1,0.5,"[HIST1H2AA, FN1]"
C2250,2,1,0.5,"[RPS7, FN1]"
C2251,2,1,0.5,"[HNRNPDL, FN1]"
C2252,2,1,0.5,"[COX2, FN1]"
C2253,2,1,0.5,"[RPL4, FN1]"
C2254,2,1,0.5,"[UBE2N, FN1]"
C2255,2,1,0.5,"[GAR1, FN1]"
C2256,2,1,0.5,"[FUS, FN1]"
C2257,2,1,0.5,"[STXBP3, FN1]"
C2258,2,1,0.5,"[RPS25, FN1]"
C2259,2,1,0.5,"[PSMG2, FN1]"
C2260,2,1,0.5,"[DIAPH1, FN1]"
C2261,2,1,0.5,"[CACYBP, FN1]"
C2262,2,1,0.5,"[ZW10, FN1]"
C2263,2,1,0.5,"[CNOT1, FN1]"
C2264,2,1,0.5,"[CTR9, FN1]"
C2265,2,1,0.5,"[RPL13A, FN1]"
C2266,2,1,0.5,"[AKR1C1, FN1]"
C2267,2,1,0.5,"[IGF2R, FN1]"
C2268,2,1,0.5,"[HIST1H1B, FN1]"
C2269,2,1,0.5,"[EIF5B, FN1]"
C2270,2,1,0.5,"[SND1, FN1]"
C2271,2,1,0.5,"[MRPS34, FN1]"
C2272,2,1,0.5,"[RPA1, FN1]"
C2273,2,1,0.5,"[SAR1A, FN1]"
C2274,2,1,0.5,"[EFTUD2, FN1]"
C2275,2,1,0.5,"[EIF4A1, FN1]"
C2276,2,1,0.5,"[RAB35, FN1]"
C2277,2,1,0.5,"[RPL5, FN1]"
C2278,2,1,0.5,"[EIF2S3, FN1]"
C2279,2,1,0.5,"[DIMT1, FN1]"
C2280,2,1,0.5,"[EMG1, FN1]"
C2281,2,1,0.5,"[TRAP1, FN1]"
C2282,2,1,0.5,"[PSMB2, FN1]"
C2283,2,1,0.5,"[ALYREF, FN1]"
C2284,2,1,0.5,"[RPS26, FN1]"
C2285,2,1,0.5,"[PDCD5, FN1]"
C2286,2,1,0.5,"[PELP1, FN1]"
C2287,2,1,0.5,"[TARS, FN1]"
C2288,2,1,0.5,"[MRPL13, FN1]"
C2289,2,1,0.5,"[SRSF3, FN1]"
C2290,2,1,0.5,"[RPL23A, FN1]"
C2291,2,1,0.5,"[MRPS23, FN1]"
C2292,2,1,0.5,"[UBE2L3, FN1]"
C2293,2,1,0.5,"[DDX47, FN1]"
C2294,2,1,0.5,"[PDCD10, FN1]"
C2295,2,1,0.5,"[CNN2, FN1]"
C2296,2,1,0.5,"[MCM3, FN1]"
C2297,2,1,0.5,"[SMCHD1, FN1]"
C2298,2,1,0.5,"[CLNS1A, FN1]"
C2299,2,1,0.5,"[EEF1B2, FN1]"
C2300,2,1,0.5,"[PAICS, FN1]"
C2301,2,1,0.5,"[PSMG1, FN1]"
C2302,2,1,0.5,"[FERMT3, FN1]"
C2303,2,1,0.5,"[ANP32B, FN1]"
C2304,2,1,0.5,"[EPN1, FN1]"
C2305,2,1,0.5,"[MYL4, FN1]"
C2306,2,1,0.5,"[POLR2C, FN1]"
C2307,2,1,0.5,"[SUPT5H, FN1]"
C2308,2,1,0.5,"[IDI1, FN1]"
C2309,2,1,0.5,"[SF3B6, FN1]"
C2310,2,1,0.5,"[SNRPB, FN1]"
C2311,2,1,0.5,"[U2AF1, FN1]"
C2312,2,1,0.5,"[NECAP2, FN1]"
C2313,2,1,0.5,"[GTPBP4, FN1]"
C2314,2,1,0.5,"[SRI, FN1]"
C2315,2,1,0.5,"[TFAM, FN1]"
C2316,2,1,0.5,"[PRPS2, FN1]"
C2317,2,1,0.5,"[SMAP2, FN1]"
C2318,2,1,0.5,"[TUBB4B, FN1]"
C2319,2,1,0.5,"[ANXA2, FN1]"
C2320,2,1,0.5,"[ILF3, FN1]"
C2321,2,1,0.5,"[PSMC6, FN1]"
C2322,2,1,0.5,"[PRMT5, FN1]"
C2323,2,1,0.5,"[SRSF1, FN1]"
C2324,2,1,0.5,"[DDX6, FN1]"
C2325,2,1,0.5,"[RPS16, FN1]"
C2326,2,1,0.5,"[ATP6V1B2, FN1]"
C2327,2,1,0.5,"[PSMA5, FN1]"
C2328,2,1,0.5,"[TK1, FN1]"
C2329,2,1,0.5,"[SPTBN1, FN1]"
C2330,2,1,0.5,"[PUF60, FN1]"
C2331,2,1,0.5,"[CPSF6, FN1]"
C2332,2,1,0.5,"[MCM6, FN1]"
C2333,2,1,0.5,"[MACF1, FN1]"
C2334,2,1,0.5,"[SEPT2, FN1]"
C2335,2,1,0.5,"[H2AFV, FN1]"
C2336,2,1,0.5,"[PPP1CA, FN1]"
C2337,2,1,0.5,"[KRT31, FN1]"
C2338,2,1,0.5,"[TTC9C, FN1]"
C2339,2,1,0.5,"[AHNAK, FN1]"
C2340,2,1,0.5,"[NUP155, FN1]"
C2341,2,1,0.5,"[HADHA, FN1]"
C2342,2,1,0.5,"[COMT, FN1]"
C2343,2,1,0.5,"[EIF5, FN1]"
C2344,2,1,0.5,"[SNRPA, FN1]"
C2345,2,1,0.5,"[GMPS, FN1]"
C2346,2,1,0.5,"[RPS23, FN1]"
C2347,2,1,0.5,"[SLC25A1, FN1]"
C2348,2,1,0.5,"[PSMB5, FN1]"
C2349,2,1,0.5,"[NUP205, FN1]"
C2350,2,1,0.5,"[PFKP, FN1]"
C2351,2,1,0.5,"[NAT10, FN1]"
C2352,2,1,0.5,"[PGAM5, FN1]"
C2353,2,1,0.5,"[MAPRE1, FN1]"
C2354,2,1,0.5,"[NAPG, FN1]"
C2355,2,1,0.5,"[SNRNP70, FN1]"
C2356,2,1,0.5,"[ATP5F1C, FN1]"
C2357,2,1,0.5,"[CLIC2, FN1]"
C2358,2,1,0.5,"[SF3A3, FN1]"
C2359,2,1,0.5,"[PDAP1, FN1]"
C2360,2,1,0.5,"[PSMA2, FN1]"
C2361,2,1,0.5,"[HNRNPH2, FN1]"
C2362,2,1,0.5,"[BZW2, FN1]"
C2363,2,1,0.5,"[KIDINS220, FN1]"
C2364,2,1,0.5,"[USP39, FN1]"
C2365,2,1,0.5,"[RPA2, FN1]"
C2366,2,1,0.5,"[RPL12, FN1]"
C2367,2,1,0.5,"[SEC23B, FN1]"
C2368,2,1,0.5,"[STON2, FN1]"
C2369,2,1,0.5,"[SEC24C, FN1]"
C2370,2,1,0.5,"[NUP210, FN1]"
C2371,2,1,0.5,"[ARPC3, FN1]"
C2372,2,1,0.5,"[RAP1B, FN1]"
C2373,2,1,0.5,"[IQGAP1, FN1]"
C2374,2,1,0.5,"[ABCF1, FN1]"
C2375,2,1,0.5,"[RPS24, FN1]"
C2376,2,1,0.5,"[AFDN, FN1]"
C2377,2,1,0.5,"[NDUFA2, FN1]"
C2378,2,1,0.5,"[DHX15, FN1]"
C2379,2,1,0.5,"[VPS28, FN1]"
C2380,2,1,0.5,"[SCRIB, FN1]"
C2381,2,1,0.5,"[SNRPD3, FN1]"
C2382,2,1,0.5,"[NOP58, FN1]"
C2383,2,1,0.5,"[GLUD1, FN1]"
C2384,2,1,0.5,"[NDUFA5, FN1]"
C2385,2,1,0.5,"[QKI, FN1]"
C2386,2,1,0.5,"[PRDX3, FN1]"
C2387,2,1,0.5,"[FDFT1, FN1]"
C2388,2,1,0.5,"[DDX1, FN1]"
C2389,2,1,0.5,"[SUB1, FN1]"
C2390,2,1,0.5,"[IPO4, FN1]"
C2391,2,1,0.5,"[RAP2B, FN1]"
C2392,2,1,0.5,"[MAP4, FN1]"
C2393,2,1,0.5,"[CSNK2B, FN1]"
C2394,2,1,0.5,"[YTHDF2, FN1]"
C2395,2,1,0.5,"[EIF3B, FN1]"
C2396,2,1,0.5,"[IMPDH2, FN1]"
C2397,2,1,0.5,"[MDN1, FN1]"
C2398,2,1,0.5,"[TTLL12, FN1]"
C2399,2,1,0.5,"[GALE, FN1]"
C2400,2,1,0.5,"[PRSS2, FN1]"
C2401,2,1,0.5,"[CELF2, FN1]"
C2402,2,1,0.5,"[KRT2, FN1]"
C2403,2,1,0.5,"[FLNA, FN1]"
C2404,2,1,0.5,"[GSTK1, FN1]"
C2405,2,1,0.5,"[SNU13, FN1]"
C2406,2,1,0.5,"[LASP1, FN1]"
C2407,2,1,0.5,"[RPL6, FN1]"
C2408,2,1,0.5,"[AARS, FN1]"
C2409,2,1,0.5,"[PAFAH1B2, FN1]"
C2410,2,1,0.5,"[SGCA, FN1]"
C2411,2,1,0.5,"[PA2G4, FN1]"
C2412,2,1,0.5,"[NACA, FN1]"
C2413,2,1,0.5,"[LRBA, FN1]"
C2414,2,1,0.5,"[EPB41, FN1]"
C2415,2,1,0.5,"[SRSF9, FN1]"
C2416,2,1,0.5,"[MRTO4, FN1]"
C2417,2,1,0.5,"[NDUFV2, FN1]"
C2418,2,1,0.5,"[NDUFS3, FN1]"
C2419,2,1,0.5,"[SMAD4, FN1]"
C2420,2,1,0.5,"[GSTP1, FN1]"
C2421,2,1,0.5,"[PRPF40A, FN1]"
C2422,2,1,0.5,"[GAPDH, FN1]"
C2423,2,1,0.5,"[AMBP, FN1]"
C2424,2,1,0.5,"[ITGB7, FN1]"
C2425,2,1,0.5,"[COL8A2, FN1]"
C2426,2,1,0.5,"[CXCL12, FN1]"
C2427,2,1,0.5,"[ITGB6, FN1]"
C2428,2,1,0.5,"[LACRT, FN1]"
C2429,2,1,0.5,"[REG3A, FN1]"
C2430,2,1,0.5,"[CCN3, FN1]"
C2431,2,1,0.5,"[TIMD4, FN1]"
C2432,2,1,0.5,"[MIA, FN1]"
C2433,2,1,0.5,"[CRP, FN1]"
C2434,2,1,0.5,"[PKD1, FN1]"
C2435,2,1,0.5,"[SDC2, FN1]"
C2436,2,1,0.5,"[DCN, FN1]"
C2437,2,1,0.5,"[CCN2, FN1]"
C2438,2,1,0.5,"[MMP2, FN1]"
C2439,2,1,0.5,"[FKBP9, FN1]"
C2440,2,1,0.5,"[MEPE, FN1]"
C2441,2,1,0.5,"[ERP44, FN1]"
C2442,2,1,0.5,"[ZKSCAN4, FN1]"
C2443,2,1,0.5,"[C1QB, FN1]"
C2444,2,1,0.5,"[TEAD4, FN1]"
C2445,2,1,0.5,"[CER1, FN1]"
C2446,2,1,0.5,"[MMP9, FN1]"
C2447,2,1,0.5,"[SCGB1A1, FN1]"
C2448,2,1,0.5,"[TGFBI, FN1]"
C2449,2,1,0.5,"[COL7A1, FN1]"
C2450,2,1,0.5,"[KPNA2, FN1]"
C2451,2,1,0.5,"[FASLG, FN1]"
C2452,2,1,0.5,"[ZYX, FN1]"
C2453,2,1,0.5,"[ITGA4, FN1]"
C2454,2,1,0.5,"[GDI2, FN1]"
C2455,2,1,0.5,"[TNC, FN1]"
C2456,2,1,0.5,"[VHL, FN1]"
C2457,2,1,0.5,"[HSPG2, FN1]"
C2458,2,1,0.5,"[ITGAV, FN1]"
C2459,2,1,0.5,"[COL1A1, FN1]"
C2460,2,1,0.5,"[ITGA5, FN1]"
C2461,2,1,0.5,"[FNDC5, PTS]"
C2462,2,1,0.5,"[LCK, PTS]"
C2463,2,1,0.5,"[SYP, PTS]"
C2464,2,1,0.5,"[RPH3A, GCH1]"
C2465,2,1,0.5,"[OSBPL9, GCH1]"
C2466,2,1,0.5,"[USP7, GCH1]"
